기준_년월_코드,상권_코드,상권_코드_명,총_유동인구_수,남성_유동인구_수,여성_유동인구_수,연령대_10_유동인구_수,연령대_20_유동인구_수,연령대_30_유동인구_수,연령대_40_유동인구_수,연령대_50_유동인구_수,연령대_60_이상_유동인구_수,시간대_1_유동인구_수,시간대_2_유동인구_수,시간대_3_유동인구_수,시간대_4_유동인구_수,시간대_5_유동인구_수,시간대_6_유동인구_수,월요일_유동인구_수,화요일_유동인구_수,수요일_유동인구_수,목요일_유동인구_수,금요일_유동인구_수,토요일_유동인구_수,일요일_유동인구_수,남성연령대_10_월요일시간대_1_유동인구_수,남성연령대_10_월요일시간대_2_유동인구_수,남성연령대_10_월요일시간대_3_유동인구_수,남성연령대_10_월요일시간대_4_유동인구_수,남성연령대_10_월요일시간대_5_유동인구_수,남성연령대_10_월요일시간대_6_유동인구_수,남성연령대_10_화요일시간대_1_유동인구_수,남성연령대_10_화요일시간대_2_유동인구_수,남성연령대_10_화요일시간대_3_유동인구_수,남성연령대_10_화요일시간대_4_유동인구_수,남성연령대_10_화요일시간대_5_유동인구_수,남성연령대_10_화요일시간대_6_유동인구_수,남성연령대_10_수요일시간대_1_유동인구_수,남성연령대_10_수요일시간대_2_유동인구_수,남성연령대_10_수요일시간대_3_유동인구_수,남성연령대_10_수요일시간대_4_유동인구_수,남성연령대_10_수요일시간대_5_유동인구_수,남성연령대_10_수요일시간대_6_유동인구_수,남성연령대_10_목요일시간대_1_유동인구_수,남성연령대_10_목요일시간대_2_유동인구_수,남성연령대_10_목요일시간대_3_유동인구_수,남성연령대_10_목요일시간대_4_유동인구_수,남성연령대_10_목요일시간대_5_유동인구_수,남성연령대_10_목요일시간대_6_유동인구_수,남성연령대_10_금요일시간대_1_유동인구_수,남성연령대_10_금요일시간대_2_유동인구_수,남성연령대_10_금요일시간대_3_유동인구_수,남성연령대_10_금요일시간대_4_유동인구_수,남성연령대_10_금요일시간대_5_유동인구_수,남성연령대_10_금요일시간대_6_유동인구_수,남성연령대_10_토요일시간대_1_유동인구_수,남성연령대_10_토요일시간대_2_유동인구_수,남성연령대_10_토요일시간대_3_유동인구_수,남성연령대_10_토요일시간대_4_유동인구_수,남성연령대_10_토요일시간대_5_유동인구_수,남성연령대_10_토요일시간대_6_유동인구_수,남성연령대_10_일요일시간대_1_유동인구_수,남성연령대_10_일요일시간대_2_유동인구_수,남성연령대_10_일요일시간대_3_유동인구_수,남성연령대_10_일요일시간대_4_유동인구_수,남성연령대_10_일요일시간대_5_유동인구_수,남성연령대_10_일요일시간대_6_유동인구_수,남성연령대_20_월요일시간대_1_유동인구_수,남성연령대_20_월요일시간대_2_유동인구_수,남성연령대_20_월요일시간대_3_유동인구_수,남성연령대_20_월요일시간대_4_유동인구_수,남성연령대_20_월요일시간대_5_유동인구_수,남성연령대_20_월요일시간대_6_유동인구_수,남성연령대_20_화요일시간대_1_유동인구_수,남성연령대_20_화요일시간대_2_유동인구_수,남성연령대_20_화요일시간대_3_유동인구_수,남성연령대_20_화요일시간대_4_유동인구_수,남성연령대_20_화요일시간대_5_유동인구_수,남성연령대_20_화요일시간대_6_유동인구_수,남성연령대_20_수요일시간대_1_유동인구_수,남성연령대_20_수요일시간대_2_유동인구_수,남성연령대_20_수요일시간대_3_유동인구_수,남성연령대_20_수요일시간대_4_유동인구_수,남성연령대_20_수요일시간대_5_유동인구_수,남성연령대_20_수요일시간대_6_유동인구_수,남성연령대_20_목요일시간대_1_유동인구_수,남성연령대_20_목요일시간대_2_유동인구_수,남성연령대_20_목요일시간대_3_유동인구_수,남성연령대_20_목요일시간대_4_유동인구_수,남성연령대_20_목요일시간대_5_유동인구_수,남성연령대_20_목요일시간대_6_유동인구_수,남성연령대_20_금요일시간대_1_유동인구_수,남성연령대_20_금요일시간대_2_유동인구_수,남성연령대_20_금요일시간대_3_유동인구_수,남성연령대_20_금요일시간대_4_유동인구_수,남성연령대_20_금요일시간대_5_유동인구_수,남성연령대_20_금요일시간대_6_유동인구_수,남성연령대_20_토요일시간대_1_유동인구_수,남성연령대_20_토요일시간대_2_유동인구_수,남성연령대_20_토요일시간대_3_유동인구_수,남성연령대_20_토요일시간대_4_유동인구_수,남성연령대_20_토요일시간대_5_유동인구_수,남성연령대_20_토요일시간대_6_유동인구_수,남성연령대_20_일요일시간대_1_유동인구_수,남성연령대_20_일요일시간대_2_유동인구_수,남성연령대_20_일요일시간대_3_유동인구_수,남성연령대_20_일요일시간대_4_유동인구_수,남성연령대_20_일요일시간대_5_유동인구_수,남성연령대_20_일요일시간대_6_유동인구_수,남성연령대_30_월요일시간대_1_유동인구_수,남성연령대_30_월요일시간대_2_유동인구_수,남성연령대_30_월요일시간대_3_유동인구_수,남성연령대_30_월요일시간대_4_유동인구_수,남성연령대_30_월요일시간대_5_유동인구_수,남성연령대_30_월요일시간대_6_유동인구_수,남성연령대_30_화요일시간대_1_유동인구_수,남성연령대_30_화요일시간대_2_유동인구_수,남성연령대_30_화요일시간대_3_유동인구_수,남성연령대_30_화요일시간대_4_유동인구_수,남성연령대_30_화요일시간대_5_유동인구_수,남성연령대_30_화요일시간대_6_유동인구_수,남성연령대_30_수요일시간대_1_유동인구_수,남성연령대_30_수요일시간대_2_유동인구_수,남성연령대_30_수요일시간대_3_유동인구_수,남성연령대_30_수요일시간대_4_유동인구_수,남성연령대_30_수요일시간대_5_유동인구_수,남성연령대_30_수요일시간대_6_유동인구_수,남성연령대_30_목요일시간대_1_유동인구_수,남성연령대_30_목요일시간대_2_유동인구_수,남성연령대_30_목요일시간대_3_유동인구_수,남성연령대_30_목요일시간대_4_유동인구_수,남성연령대_30_목요일시간대_5_유동인구_수,남성연령대_30_목요일시간대_6_유동인구_수,남성연령대_30_금요일시간대_1_유동인구_수,남성연령대_30_금요일시간대_2_유동인구_수,남성연령대_30_금요일시간대_3_유동인구_수,남성연령대_30_금요일시간대_4_유동인구_수,남성연령대_30_금요일시간대_5_유동인구_수,남성연령대_30_금요일시간대_6_유동인구_수,남성연령대_30_토요일시간대_1_유동인구_수,남성연령대_30_토요일시간대_2_유동인구_수,남성연령대_30_토요일시간대_3_유동인구_수,남성연령대_30_토요일시간대_4_유동인구_수,남성연령대_30_토요일시간대_5_유동인구_수,남성연령대_30_토요일시간대_6_유동인구_수,남성연령대_30_일요일시간대_1_유동인구_수,남성연령대_30_일요일시간대_2_유동인구_수,남성연령대_30_일요일시간대_3_유동인구_수,남성연령대_30_일요일시간대_4_유동인구_수,남성연령대_30_일요일시간대_5_유동인구_수,남성연령대_30_일요일시간대_6_유동인구_수,남성연령대_40_월요일시간대_1_유동인구_수,남성연령대_40_월요일시간대_2_유동인구_수,남성연령대_40_월요일시간대_3_유동인구_수,남성연령대_40_월요일시간대_4_유동인구_수,남성연령대_40_월요일시간대_5_유동인구_수,남성연령대_40_월요일시간대_6_유동인구_수,남성연령대_40_화요일시간대_1_유동인구_수,남성연령대_40_화요일시간대_2_유동인구_수,남성연령대_40_화요일시간대_3_유동인구_수,남성연령대_40_화요일시간대_4_유동인구_수,남성연령대_40_화요일시간대_5_유동인구_수,남성연령대_40_화요일시간대_6_유동인구_수,남성연령대_40_수요일시간대_1_유동인구_수,남성연령대_40_수요일시간대_2_유동인구_수,남성연령대_40_수요일시간대_3_유동인구_수,남성연령대_40_수요일시간대_4_유동인구_수,남성연령대_40_수요일시간대_5_유동인구_수,남성연령대_40_수요일시간대_6_유동인구_수,남성연령대_40_목요일시간대_1_유동인구_수,남성연령대_40_목요일시간대_2_유동인구_수,남성연령대_40_목요일시간대_3_유동인구_수,남성연령대_40_목요일시간대_4_유동인구_수,남성연령대_40_목요일시간대_5_유동인구_수,남성연령대_40_목요일시간대_6_유동인구_수,남성연령대_40_금요일시간대_1_유동인구_수,남성연령대_40_금요일시간대_2_유동인구_수,남성연령대_40_금요일시간대_3_유동인구_수,남성연령대_40_금요일시간대_4_유동인구_수,남성연령대_40_금요일시간대_5_유동인구_수,남성연령대_40_금요일시간대_6_유동인구_수,남성연령대_40_토요일시간대_1_유동인구_수,남성연령대_40_토요일시간대_2_유동인구_수,남성연령대_40_토요일시간대_3_유동인구_수,남성연령대_40_토요일시간대_4_유동인구_수,남성연령대_40_토요일시간대_5_유동인구_수,남성연령대_40_토요일시간대_6_유동인구_수,남성연령대_40_일요일시간대_1_유동인구_수,남성연령대_40_일요일시간대_2_유동인구_수,남성연령대_40_일요일시간대_3_유동인구_수,남성연령대_40_일요일시간대_4_유동인구_수,남성연령대_40_일요일시간대_5_유동인구_수,남성연령대_40_일요일시간대_6_유동인구_수,남성연령대_50_월요일시간대_1_유동인구_수,남성연령대_50_월요일시간대_2_유동인구_수,남성연령대_50_월요일시간대_3_유동인구_수,남성연령대_50_월요일시간대_4_유동인구_수,남성연령대_50_월요일시간대_5_유동인구_수,남성연령대_50_월요일시간대_6_유동인구_수,남성연령대_50_화요일시간대_1_유동인구_수,남성연령대_50_화요일시간대_2_유동인구_수,남성연령대_50_화요일시간대_3_유동인구_수,남성연령대_50_화요일시간대_4_유동인구_수,남성연령대_50_화요일시간대_5_유동인구_수,남성연령대_50_화요일시간대_6_유동인구_수,남성연령대_50_수요일시간대_1_유동인구_수,남성연령대_50_수요일시간대_2_유동인구_수,남성연령대_50_수요일시간대_3_유동인구_수,남성연령대_50_수요일시간대_4_유동인구_수,남성연령대_50_수요일시간대_5_유동인구_수,남성연령대_50_수요일시간대_6_유동인구_수,남성연령대_50_목요일시간대_1_유동인구_수,남성연령대_50_목요일시간대_2_유동인구_수,남성연령대_50_목요일시간대_3_유동인구_수,남성연령대_50_목요일시간대_4_유동인구_수,남성연령대_50_목요일시간대_5_유동인구_수,남성연령대_50_목요일시간대_6_유동인구_수,남성연령대_50_금요일시간대_1_유동인구_수,남성연령대_50_금요일시간대_2_유동인구_수,남성연령대_50_금요일시간대_3_유동인구_수,남성연령대_50_금요일시간대_4_유동인구_수,남성연령대_50_금요일시간대_5_유동인구_수,남성연령대_50_금요일시간대_6_유동인구_수,남성연령대_50_토요일시간대_1_유동인구_수,남성연령대_50_토요일시간대_2_유동인구_수,남성연령대_50_토요일시간대_3_유동인구_수,남성연령대_50_토요일시간대_4_유동인구_수,남성연령대_50_토요일시간대_5_유동인구_수,남성연령대_50_토요일시간대_6_유동인구_수,남성연령대_50_일요일시간대_1_유동인구_수,남성연령대_50_일요일시간대_2_유동인구_수,남성연령대_50_일요일시간대_3_유동인구_수,남성연령대_50_일요일시간대_4_유동인구_수,남성연령대_50_일요일시간대_5_유동인구_수,남성연령대_50_일요일시간대_6_유동인구_수,남성연령대_60_이상_월요일시간대_1_유동인구_수,남성연령대_60_이상_월요일시간대_2_유동인구_수,남성연령대_60_이상_월요일시간대_3_유동인구_수,남성연령대_60_이상_월요일시간대_4_유동인구_수,남성연령대_60_이상_월요일시간대_5_유동인구_수,남성연령대_60_이상_월요일시간대_6_유동인구_수,남성연령대_60_이상_화요일시간대_1_유동인구_수,남성연령대_60_이상_화요일시간대_2_유동인구_수,남성연령대_60_이상_화요일시간대_3_유동인구_수,남성연령대_60_이상_화요일시간대_4_유동인구_수,남성연령대_60_이상_화요일시간대_5_유동인구_수,남성연령대_60_이상_화요일시간대_6_유동인구_수,남성연령대_60_이상_수요일시간대_1_유동인구_수,남성연령대_60_이상_수요일시간대_2_유동인구_수,남성연령대_60_이상_수요일시간대_3_유동인구_수,남성연령대_60_이상_수요일시간대_4_유동인구_수,남성연령대_60_이상_수요일시간대_5_유동인구_수,남성연령대_60_이상_수요일시간대_6_유동인구_수,남성연령대_60_이상_목요일시간대_1_유동인구_수,남성연령대_60_이상_목요일시간대_2_유동인구_수,남성연령대_60_이상_목요일시간대_3_유동인구_수,남성연령대_60_이상_목요일시간대_4_유동인구_수,남성연령대_60_이상_목요일시간대_5_유동인구_수,남성연령대_60_이상_목요일시간대_6_유동인구_수,남성연령대_60_이상_금요일시간대_1_유동인구_수,남성연령대_60_이상_금요일시간대_2_유동인구_수,남성연령대_60_이상_금요일시간대_3_유동인구_수,남성연령대_60_이상_금요일시간대_4_유동인구_수,남성연령대_60_이상_금요일시간대_5_유동인구_수,남성연령대_60_이상_금요일시간대_6_유동인구_수,남성연령대_60_이상_토요일시간대_1_유동인구_수,남성연령대_60_이상_토요일시간대_2_유동인구_수,남성연령대_60_이상_토요일시간대_3_유동인구_수,남성연령대_60_이상_토요일시간대_4_유동인구_수,남성연령대_60_이상_토요일시간대_5_유동인구_수,남성연령대_60_이상_토요일시간대_6_유동인구_수,남성연령대_60_이상_일요일시간대_1_유동인구_수,남성연령대_60_이상_일요일시간대_2_유동인구_수,남성연령대_60_이상_일요일시간대_3_유동인구_수,남성연령대_60_이상_일요일시간대_4_유동인구_수,남성연령대_60_이상_일요일시간대_5_유동인구_수,남성연령대_60_이상_일요일시간대_6_유동인구_수,여성연령대_10_월요일시간대_1_유동인구_수,여성연령대_10_월요일시간대_2_유동인구_수,여성연령대_10_월요일시간대_3_유동인구_수,여성연령대_10_월요일시간대_4_유동인구_수,여성연령대_10_월요일시간대_5_유동인구_수,여성연령대_10_월요일시간대_6_유동인구_수,여성연령대_10_화요일시간대_1_유동인구_수,여성연령대_10_화요일시간대_2_유동인구_수,여성연령대_10_화요일시간대_3_유동인구_수,여성연령대_10_화요일시간대_4_유동인구_수,여성연령대_10_화요일시간대_5_유동인구_수,여성연령대_10_화요일시간대_6_유동인구_수,여성연령대_10_수요일시간대_1_유동인구_수,여성연령대_10_수요일시간대_2_유동인구_수,여성연령대_10_수요일시간대_3_유동인구_수,여성연령대_10_수요일시간대_4_유동인구_수,여성연령대_10_수요일시간대_5_유동인구_수,여성연령대_10_수요일시간대_6_유동인구_수,여성연령대_10_목요일시간대_1_유동인구_수,여성연령대_10_목요일시간대_2_유동인구_수,여성연령대_10_목요일시간대_3_유동인구_수,여성연령대_10_목요일시간대_4_유동인구_수,여성연령대_10_목요일시간대_5_유동인구_수,여성연령대_10_목요일시간대_6_유동인구_수,여성연령대_10_금요일시간대_1_유동인구_수,여성연령대_10_금요일시간대_2_유동인구_수,여성연령대_10_금요일시간대_3_유동인구_수,여성연령대_10_금요일시간대_4_유동인구_수,여성연령대_10_금요일시간대_5_유동인구_수,여성연령대_10_금요일시간대_6_유동인구_수,여성연령대_10_토요일시간대_1_유동인구_수,여성연령대_10_토요일시간대_2_유동인구_수,여성연령대_10_토요일시간대_3_유동인구_수,여성연령대_10_토요일시간대_4_유동인구_수,여성연령대_10_토요일시간대_5_유동인구_수,여성연령대_10_토요일시간대_6_유동인구_수,여성연령대_10_일요일시간대_1_유동인구_수,여성연령대_10_일요일시간대_2_유동인구_수,여성연령대_10_일요일시간대_3_유동인구_수,여성연령대_10_일요일시간대_4_유동인구_수,여성연령대_10_일요일시간대_5_유동인구_수,여성연령대_10_일요일시간대_6_유동인구_수,여성연령대_20_월요일시간대_1_유동인구_수,여성연령대_20_월요일시간대_2_유동인구_수,여성연령대_20_월요일시간대_3_유동인구_수,여성연령대_20_월요일시간대_4_유동인구_수,여성연령대_20_월요일시간대_5_유동인구_수,여성연령대_20_월요일시간대_6_유동인구_수,여성연령대_20_화요일시간대_1_유동인구_수,여성연령대_20_화요일시간대_2_유동인구_수,여성연령대_20_화요일시간대_3_유동인구_수,여성연령대_20_화요일시간대_4_유동인구_수,여성연령대_20_화요일시간대_5_유동인구_수,여성연령대_20_화요일시간대_6_유동인구_수,여성연령대_20_수요일시간대_1_유동인구_수,여성연령대_20_수요일시간대_2_유동인구_수,여성연령대_20_수요일시간대_3_유동인구_수,여성연령대_20_수요일시간대_4_유동인구_수,여성연령대_20_수요일시간대_5_유동인구_수,여성연령대_20_수요일시간대_6_유동인구_수,여성연령대_20_목요일시간대_1_유동인구_수,여성연령대_20_목요일시간대_2_유동인구_수,여성연령대_20_목요일시간대_3_유동인구_수,여성연령대_20_목요일시간대_4_유동인구_수,여성연령대_20_목요일시간대_5_유동인구_수,여성연령대_20_목요일시간대_6_유동인구_수,여성연령대_20_금요일시간대_1_유동인구_수,여성연령대_20_금요일시간대_2_유동인구_수,여성연령대_20_금요일시간대_3_유동인구_수,여성연령대_20_금요일시간대_4_유동인구_수,여성연령대_20_금요일시간대_5_유동인구_수,여성연령대_20_금요일시간대_6_유동인구_수,여성연령대_20_토요일시간대_1_유동인구_수,여성연령대_20_토요일시간대_2_유동인구_수,여성연령대_20_토요일시간대_3_유동인구_수,여성연령대_20_토요일시간대_4_유동인구_수,여성연령대_20_토요일시간대_5_유동인구_수,여성연령대_20_토요일시간대_6_유동인구_수,여성연령대_20_일요일시간대_1_유동인구_수,여성연령대_20_일요일시간대_2_유동인구_수,여성연령대_20_일요일시간대_3_유동인구_수,여성연령대_20_일요일시간대_4_유동인구_수,여성연령대_20_일요일시간대_5_유동인구_수,여성연령대_20_일요일시간대_6_유동인구_수,여성연령대_30_월요일시간대_1_유동인구_수,여성연령대_30_월요일시간대_2_유동인구_수,여성연령대_30_월요일시간대_3_유동인구_수,여성연령대_30_월요일시간대_4_유동인구_수,여성연령대_30_월요일시간대_5_유동인구_수,여성연령대_30_월요일시간대_6_유동인구_수,여성연령대_30_화요일시간대_1_유동인구_수,여성연령대_30_화요일시간대_2_유동인구_수,여성연령대_30_화요일시간대_3_유동인구_수,여성연령대_30_화요일시간대_4_유동인구_수,여성연령대_30_화요일시간대_5_유동인구_수,여성연령대_30_화요일시간대_6_유동인구_수,여성연령대_30_수요일시간대_1_유동인구_수,여성연령대_30_수요일시간대_2_유동인구_수,여성연령대_30_수요일시간대_3_유동인구_수,여성연령대_30_수요일시간대_4_유동인구_수,여성연령대_30_수요일시간대_5_유동인구_수,여성연령대_30_수요일시간대_6_유동인구_수,여성연령대_30_목요일시간대_1_유동인구_수,여성연령대_30_목요일시간대_2_유동인구_수,여성연령대_30_목요일시간대_3_유동인구_수,여성연령대_30_목요일시간대_4_유동인구_수,여성연령대_30_목요일시간대_5_유동인구_수,여성연령대_30_목요일시간대_6_유동인구_수,여성연령대_30_금요일시간대_1_유동인구_수,여성연령대_30_금요일시간대_2_유동인구_수,여성연령대_30_금요일시간대_3_유동인구_수,여성연령대_30_금요일시간대_4_유동인구_수,여성연령대_30_금요일시간대_5_유동인구_수,여성연령대_30_금요일시간대_6_유동인구_수,여성연령대_30_토요일시간대_1_유동인구_수,여성연령대_30_토요일시간대_2_유동인구_수,여성연령대_30_토요일시간대_3_유동인구_수,여성연령대_30_토요일시간대_4_유동인구_수,여성연령대_30_토요일시간대_5_유동인구_수,여성연령대_30_토요일시간대_6_유동인구_수,여성연령대_30_일요일시간대_1_유동인구_수,여성연령대_30_일요일시간대_2_유동인구_수,여성연령대_30_일요일시간대_3_유동인구_수,여성연령대_30_일요일시간대_4_유동인구_수,여성연령대_30_일요일시간대_5_유동인구_수,여성연령대_30_일요일시간대_6_유동인구_수,여성연령대_40_월요일시간대_1_유동인구_수,여성연령대_40_월요일시간대_2_유동인구_수,여성연령대_40_월요일시간대_3_유동인구_수,여성연령대_40_월요일시간대_4_유동인구_수,여성연령대_40_월요일시간대_5_유동인구_수,여성연령대_40_월요일시간대_6_유동인구_수,여성연령대_40_화요일시간대_1_유동인구_수,여성연령대_40_화요일시간대_2_유동인구_수,여성연령대_40_화요일시간대_3_유동인구_수,여성연령대_40_화요일시간대_4_유동인구_수,여성연령대_40_화요일시간대_5_유동인구_수,여성연령대_40_화요일시간대_6_유동인구_수,여성연령대_40_수요일시간대_1_유동인구_수,여성연령대_40_수요일시간대_2_유동인구_수,여성연령대_40_수요일시간대_3_유동인구_수,여성연령대_40_수요일시간대_4_유동인구_수,여성연령대_40_수요일시간대_5_유동인구_수,여성연령대_40_수요일시간대_6_유동인구_수,여성연령대_40_목요일시간대_1_유동인구_수,여성연령대_40_목요일시간대_2_유동인구_수,여성연령대_40_목요일시간대_3_유동인구_수,여성연령대_40_목요일시간대_4_유동인구_수,여성연령대_40_목요일시간대_5_유동인구_수,여성연령대_40_목요일시간대_6_유동인구_수,여성연령대_40_금요일시간대_1_유동인구_수,여성연령대_40_금요일시간대_2_유동인구_수,여성연령대_40_금요일시간대_3_유동인구_수,여성연령대_40_금요일시간대_4_유동인구_수,여성연령대_40_금요일시간대_5_유동인구_수,여성연령대_40_금요일시간대_6_유동인구_수,여성연령대_40_토요일시간대_1_유동인구_수,여성연령대_40_토요일시간대_2_유동인구_수,여성연령대_40_토요일시간대_3_유동인구_수,여성연령대_40_토요일시간대_4_유동인구_수,여성연령대_40_토요일시간대_5_유동인구_수,여성연령대_40_토요일시간대_6_유동인구_수,여성연령대_40_일요일시간대_1_유동인구_수,여성연령대_40_일요일시간대_2_유동인구_수,여성연령대_40_일요일시간대_3_유동인구_수,여성연령대_40_일요일시간대_4_유동인구_수,여성연령대_40_일요일시간대_5_유동인구_수,여성연령대_40_일요일시간대_6_유동인구_수,여성연령대_50_월요일시간대_1_유동인구_수,여성연령대_50_월요일시간대_2_유동인구_수,여성연령대_50_월요일시간대_3_유동인구_수,여성연령대_50_월요일시간대_4_유동인구_수,여성연령대_50_월요일시간대_5_유동인구_수,여성연령대_50_월요일시간대_6_유동인구_수,여성연령대_50_화요일시간대_1_유동인구_수,여성연령대_50_화요일시간대_2_유동인구_수,여성연령대_50_화요일시간대_3_유동인구_수,여성연령대_50_화요일시간대_4_유동인구_수,여성연령대_50_화요일시간대_5_유동인구_수,여성연령대_50_화요일시간대_6_유동인구_수,여성연령대_50_수요일시간대_1_유동인구_수,여성연령대_50_수요일시간대_2_유동인구_수,여성연령대_50_수요일시간대_3_유동인구_수,여성연령대_50_수요일시간대_4_유동인구_수,여성연령대_50_수요일시간대_5_유동인구_수,여성연령대_50_수요일시간대_6_유동인구_수,여성연령대_50_목요일시간대_1_유동인구_수,여성연령대_50_목요일시간대_2_유동인구_수,여성연령대_50_목요일시간대_3_유동인구_수,여성연령대_50_목요일시간대_4_유동인구_수,여성연령대_50_목요일시간대_5_유동인구_수,여성연령대_50_목요일시간대_6_유동인구_수,여성연령대_50_금요일시간대_1_유동인구_수,여성연령대_50_금요일시간대_2_유동인구_수,여성연령대_50_금요일시간대_3_유동인구_수,여성연령대_50_금요일시간대_4_유동인구_수,여성연령대_50_금요일시간대_5_유동인구_수,여성연령대_50_금요일시간대_6_유동인구_수,여성연령대_50_토요일시간대_1_유동인구_수,여성연령대_50_토요일시간대_2_유동인구_수,여성연령대_50_토요일시간대_3_유동인구_수,여성연령대_50_토요일시간대_4_유동인구_수,여성연령대_50_토요일시간대_5_유동인구_수,여성연령대_50_토요일시간대_6_유동인구_수,여성연령대_50_일요일시간대_1_유동인구_수,여성연령대_50_일요일시간대_2_유동인구_수,여성연령대_50_일요일시간대_3_유동인구_수,여성연령대_50_일요일시간대_4_유동인구_수,여성연령대_50_일요일시간대_5_유동인구_수,여성연령대_50_일요일시간대_6_유동인구_수,여성연령대_60_이상_월요일시간대_1_유동인구_수,여성연령대_60_이상_월요일시간대_2_유동인구_수,여성연령대_60_이상_월요일시간대_3_유동인구_수,여성연령대_60_이상_월요일시간대_4_유동인구_수,여성연령대_60_이상_월요일시간대_5_유동인구_수,여성연령대_60_이상_월요일시간대_6_유동인구_수,여성연령대_60_이상_화요일시간대_1_유동인구_수,여성연령대_60_이상_화요일시간대_2_유동인구_수,여성연령대_60_이상_화요일시간대_3_유동인구_수,여성연령대_60_이상_화요일시간대_4_유동인구_수,여성연령대_60_이상_화요일시간대_5_유동인구_수,여성연령대_60_이상_화요일시간대_6_유동인구_수,여성연령대_60_이상_수요일시간대_1_유동인구_수,여성연령대_60_이상_수요일시간대_2_유동인구_수,여성연령대_60_이상_수요일시간대_3_유동인구_수,여성연령대_60_이상_수요일시간대_4_유동인구_수,여성연령대_60_이상_수요일시간대_5_유동인구_수,여성연령대_60_이상_수요일시간대_6_유동인구_수,여성연령대_60_이상_목요일시간대_1_유동인구_수,여성연령대_60_이상_목요일시간대_2_유동인구_수,여성연령대_60_이상_목요일시간대_3_유동인구_수,여성연령대_60_이상_목요일시간대_4_유동인구_수,여성연령대_60_이상_목요일시간대_5_유동인구_수,여성연령대_60_이상_목요일시간대_6_유동인구_수,여성연령대_60_이상_금요일시간대_1_유동인구_수,여성연령대_60_이상_금요일시간대_2_유동인구_수,여성연령대_60_이상_금요일시간대_3_유동인구_수,여성연령대_60_이상_금요일시간대_4_유동인구_수,여성연령대_60_이상_금요일시간대_5_유동인구_수,여성연령대_60_이상_금요일시간대_6_유동인구_수,여성연령대_60_이상_토요일시간대_1_유동인구_수,여성연령대_60_이상_토요일시간대_2_유동인구_수,여성연령대_60_이상_토요일시간대_3_유동인구_수,여성연령대_60_이상_토요일시간대_4_유동인구_수,여성연령대_60_이상_토요일시간대_5_유동인구_수,여성연령대_60_이상_토요일시간대_6_유동인구_수,여성연령대_60_이상_일요일시간대_1_유동인구_수,여성연령대_60_이상_일요일시간대_2_유동인구_수,여성연령대_60_이상_일요일시간대_3_유동인구_수,여성연령대_60_이상_일요일시간대_4_유동인구_수,여성연령대_60_이상_일요일시간대_5_유동인구_수,여성연령대_60_이상_일요일시간대_6_유동인구_수
201810,465,동일로196길,49279,24638,24641,6235,13652,8125,7777,8006,5484,4023,8315,9311,9891,12266,5473,7112,7065,7053,7029,7053,7766,6201,26,165,129,121,89,42,22,159,143,130,92,46,17,156,113,136,92,38,26,224,160,116,91,46,21,219,160,121,83,38,24,39,42,56,96,50,36,42,47,53,81,38,84,158,229,249,360,177,104,168,202,210,321,168,102,176,200,243,313,164,96,193,226,234,315,158,100,162,172,191,283,155,106,165,195,202,270,146,102,138,136,168,227,123,59,84,66,72,118,71,57,85,82,91,117,70,57,83,87,83,125,74,54,85,73,66,111,66,57,86,72,86,116,81,71,136,150,146,191,94,71,113,114,116,145,65,36,59,75,81,121,58,39,60,72,84,119,50,42,66,76,80,124,52,40,62,65,58,114,50,36,62,65,63,120,55,38,91,131,149,206,80,38,81,125,125,134,47,40,93,96,85,113,46,36,94,90,95,116,51,38,89,96,92,115,47,26,86,82,72,103,49,37,106,93,80,110,51,36,104,106,113,155,61,39,80,89,90,110,40,43,82,74,77,68,32,37,85,69,73,74,30,39,82,70,74,76,31,39,88,67,71,71,37,43,83,72,70,78,34,36,73,67,76,89,36,43,76,76,62,65,29,19,86,76,78,86,38,24,91,72,87,88,36,17,94,76,87,87,42,29,102,83,71,81,46,29,119,88,90,73,34,33,38,41,50,76,48,30,53,54,58,64,35,83,126,138,142,226,115,86,131,146,144,225,111,83,120,129,140,223,123,82,128,146,142,223,123,87,122,128,129,199,106,81,141,166,183,232,116,77,118,124,134,182,99,42,88,110,128,161,59,40,86,112,136,159,60,44,80,118,133,168,57,45,86,104,106,143,58,50,89,131,113,155,60,41,95,160,191,223,77,47,73,113,146,148,45,30,77,121,131,191,65,33,72,130,139,173,65,34,74,128,135,171,54,29,83,130,135,172,61,35,76,142,135,195,67,36,75,151,216,270,84,35,68,125,135,129,39,49,97,133,163,182,61,45,94,138,155,168,58,48,105,131,159,177,65,54,102,134,154,170,63,48,103,140,167,180,69,53,90,120,160,203,70,50,85,114,127,126,48,38,78,94,95,95,34,46,71,88,92,87,32,35,71,86,90,88,32,38,78,94,90,86,36,37,75,92,96,94,39,40,61,81,94,106,41,43,80,71,71,63,28
201810,464,동일로195길,103512,51222,52291,6245,18877,20727,18504,20236,18922,17911,16535,16113,17078,23331,12544,14639,14885,14554,14224,14870,15676,14664,51,3,13,68,136,45,57,16,42,96,160,38,56,5,43,92,138,38,34,5,0,49,145,54,54,1,19,101,157,62,86,79,111,136,188,90,131,82,121,151,136,37,320,180,177,182,316,250,329,180,168,196,295,240,315,184,171,187,326,236,298,184,180,190,326,247,333,204,166,184,308,275,370,236,217,234,350,256,379,244,211,240,354,196,256,209,176,194,285,212,297,218,212,229,302,224,274,200,203,178,318,207,289,214,184,179,299,201,289,218,171,193,351,282,325,256,245,242,366,240,363,251,220,236,364,206,178,175,173,186,310,162,199,187,186,190,313,163,189,173,163,168,289,166,181,181,172,151,288,161,173,177,168,167,294,172,197,192,218,230,344,192,209,194,224,226,304,140,212,216,195,180,274,151,210,192,186,202,294,153,198,217,206,209,320,145,207,201,176,156,263,141,205,194,169,143,297,163,238,262,215,211,350,177,250,259,202,199,269,128,220,323,293,301,273,132,205,293,254,304,296,130,218,315,252,252,255,137,210,296,232,268,263,143,227,271,252,258,289,136,213,287,235,229,290,133,218,241,207,212,239,122,60,30,27,102,164,64,53,20,35,101,144,63,56,32,20,85,153,63,51,20,10,71,144,70,73,26,6,82,159,72,93,76,89,80,127,81,122,86,84,86,95,45,246,190,139,156,270,166,264,190,146,157,261,164,268,182,151,150,284,174,252,182,140,130,263,168,239,172,147,164,288,185,258,198,182,177,260,172,283,206,195,197,268,160,240,262,223,275,337,161,257,248,246,296,337,151,251,223,245,255,343,152,231,244,241,208,307,155,269,260,267,259,348,177,249,234,278,264,345,168,277,213,203,223,301,125,179,232,275,254,356,170,195,221,300,285,334,174,196,229,284,265,329,147,178,251,301,289,329,172,198,225,270,252,351,149,198,178,220,249,331,157,247,188,199,213,283,126,235,284,284,320,348,171,251,256,310,302,370,159,254,308,304,303,374,164,265,299,295,282,352,177,267,310,305,321,363,180,267,262,269,278,347,150,262,237,270,248,282,120,192,267,280,269,273,112,194,248,274,278,239,106,202,259,250,220,223,112,191,275,283,264,248,120,197,279,271,264,230,125,204,223,192,232,228,121,189,195,177,175,206,108
201810,463,동일로193길,58240,30106,28134,3062,11434,12654,10857,11142,9091,10073,6823,8997,9904,15085,7357,8121,8568,8118,7767,8296,9494,7876,47,0,4,40,64,27,53,1,28,49,105,28,48,0,25,44,76,29,29,0,0,18,74,33,54,0,18,46,76,32,54,33,67,102,129,45,69,25,58,91,70,16,178,75,114,122,230,190,192,80,98,124,205,175,184,79,107,123,245,176,161,79,103,120,228,177,199,95,103,127,233,203,227,115,119,141,237,180,235,117,113,139,218,124,166,100,113,115,206,139,192,110,136,148,224,157,196,102,128,125,213,143,190,116,118,118,232,146,195,107,113,116,236,183,204,114,170,177,266,163,219,122,134,141,227,120,86,76,111,121,215,92,99,81,134,132,189,98,96,77,103,100,199,87,87,81,108,95,190,106,84,78,106,103,190,109,94,77,147,172,271,127,123,81,129,139,175,77,128,105,119,102,178,94,121,84,103,112,190,90,120,92,115,111,193,86,134,95,98,87,177,78,113,90,111,85,187,97,147,120,117,126,245,102,147,128,100,100,141,67,119,126,145,141,166,69,115,125,150,162,165,65,130,126,137,133,146,70,113,123,122,126,157,69,135,120,134,108,164,64,117,131,120,124,165,67,126,125,110,106,131,54,4,0,0,42,85,32,10,0,9,48,73,27,30,0,0,28,87,27,11,0,0,11,76,27,6,0,0,20,96,31,24,16,47,56,77,41,49,9,49,50,48,7,144,84,75,102,197,98,148,89,87,103,162,96,149,80,88,92,197,107,147,77,78,74,167,90,132,74,83,101,183,115,146,80,106,135,198,110,161,112,109,118,158,92,133,96,117,146,218,87,147,109,152,193,229,84,151,81,147,149,221,85,125,90,131,106,194,85,139,109,154,139,218,94,138,112,192,233,286,117,168,113,132,143,198,60,93,83,147,149,262,90,94,92,184,190,236,100,96,83,150,148,235,82,92,95,153,155,233,96,90,86,161,150,251,92,97,78,171,236,305,107,116,72,108,129,168,58,145,104,148,177,232,97,160,103,172,190,216,86,154,102,159,169,221,89,153,108,154,167,212,96,163,115,161,187,226,95,158,81,129,166,242,89,153,82,113,127,155,55,89,88,118,116,146,54,89,96,132,150,146,51,102,89,102,96,109,50,85,81,102,107,140,61,91,92,113,126,136,56,85,79,90,94,115,49,85,74,89,76,102,44
201810,462,동일로192길,91066,48868,42198,6690,35889,14422,12341,12104,9620,22099,11068,10806,10207,21538,15348,12216,12546,12746,12393,13317,13723,14126,112,37,40,33,119,78,111,44,51,47,104,87,115,43,52,44,116,74,108,53,45,42,110,88,136,70,54,58,122,87,145,59,51,57,113,78,146,57,53,56,108,62,675,295,254,247,672,630,775,305,252,245,656,618,781,306,282,262,667,606,742,312,270,251,647,647,789,316,279,275,699,702,881,321,293,319,675,684,975,394,307,331,656,495,287,112,110,85,261,225,296,113,113,85,251,207,302,114,114,100,275,211,288,112,112,79,249,199,268,110,109,89,281,300,356,142,137,146,313,262,371,158,153,154,283,179,180,112,122,112,232,147,190,108,113,96,226,152,190,119,117,88,226,156,196,117,110,80,198,129,186,114,112,89,229,172,192,121,111,117,236,146,214,137,152,138,213,95,148,99,91,83,189,95,162,113,100,88,207,103,151,102,91,88,205,111,149,104,108,90,203,112,171,102,110,87,210,120,172,115,99,110,222,124,193,148,125,100,183,90,163,98,89,83,136,68,160,92,89,84,162,75,146,101,107,88,155,80,160,102,90,90,160,62,162,101,96,92,208,91,159,92,87,96,169,68,153,202,194,116,156,57,129,62,52,50,144,98,125,44,46,47,114,77,124,29,38,42,134,90,128,42,51,54,115,85,123,35,51,72,137,86,144,55,48,58,106,82,132,78,57,65,107,65,483,180,173,170,553,467,559,214,175,184,538,470,580,210,189,176,522,406,517,193,175,166,539,448,558,208,172,187,544,506,619,254,212,247,556,446,582,277,247,295,555,350,212,91,105,106,196,109,228,88,112,114,187,129,241,96,117,106,204,99,238,99,131,113,187,112,218,92,126,121,214,145,243,120,114,119,216,151,255,145,143,142,225,99,146,106,130,124,193,114,151,105,138,138,211,122,151,118,145,127,231,136,157,104,148,130,191,120,156,109,143,132,242,154,172,115,120,133,221,123,156,129,118,119,185,89,184,117,139,133,217,112,193,122,140,132,217,113,205,116,130,137,234,119,212,118,138,141,210,112,189,123,143,137,231,124,208,122,130,136,237,116,215,197,182,146,216,92,129,93,109,95,121,55,139,109,121,90,119,59,135,128,139,98,141,65,113,118,107,95,122,48,130,107,114,85,138,68,129,110,95,84,143,67,135,215,199,142,124,44
201810,461,동일로191길,65321,35043,30278,3543,16687,13146,10880,11394,9671,11151,9019,9539,9659,16182,9771,9191,9463,9218,9069,9453,9708,9218,45,13,13,33,73,43,48,11,29,45,91,41,43,12,30,38,76,41,32,8,7,24,79,46,55,26,26,43,83,46,55,39,50,74,110,52,62,35,53,75,79,31,232,141,154,169,338,291,261,132,136,159,311,277,264,136,149,162,330,272,240,145,150,165,330,277,262,148,147,169,337,313,299,154,159,175,323,289,305,160,159,192,317,202,184,131,123,116,237,177,199,139,138,130,241,179,208,136,136,127,248,180,195,134,128,124,249,176,194,132,117,117,263,224,223,146,161,161,264,190,231,157,150,153,245,151,100,104,123,122,219,124,120,107,129,121,204,125,112,105,108,91,200,120,110,108,114,93,209,130,100,106,112,96,196,138,125,100,124,132,235,138,135,103,138,129,182,92,121,131,121,110,196,108,129,120,111,111,207,116,121,119,113,108,216,114,128,129,111,100,208,106,127,114,112,95,217,132,146,129,110,114,246,134,149,138,106,108,166,84,110,135,143,144,175,75,117,136,144,152,169,78,118,137,140,124,164,86,116,138,125,135,177,81,129,133,131,120,193,81,112,139,121,123,185,72,113,168,143,121,151,63,26,21,17,45,87,48,29,14,22,43,76,38,37,13,15,33,86,40,33,13,17,26,78,43,23,12,14,35,91,43,31,18,44,53,65,40,48,28,51,49,62,20,184,112,104,123,304,201,208,128,108,125,273,198,213,121,116,120,287,191,194,105,102,110,278,195,195,112,105,125,291,221,210,116,132,158,280,191,209,156,155,176,269,156,130,119,115,132,190,98,148,125,143,156,190,99,153,110,138,127,196,92,131,116,128,108,175,98,135,121,141,133,200,108,144,132,156,157,209,116,163,141,147,134,194,83,91,125,149,124,202,93,103,119,158,155,200,106,103,115,142,118,205,105,100,126,156,128,190,107,99,115,144,129,209,111,102,100,122,130,199,96,107,96,101,104,149,70,124,130,147,154,191,98,135,125,155,158,205,97,143,122,142,142,197,95,142,138,156,146,194,98,144,137,146,149,196,101,143,104,120,116,201,92,145,114,132,121,157,61,86,114,123,109,139,61,98,110,130,128,133,65,101,121,118,95,123,62,86,109,110,105,136,63,98,117,117,107,127,64,92,96,88,79,111,57,89,118,119,96,100,53
201810,460,동일로186길,73724,38655,35069,4020,24961,13230,10791,11317,9404,15801,12181,9800,9503,15858,10581,9982,10327,10389,10150,10526,11271,11079,46,26,22,21,56,38,50,29,24,24,55,39,51,36,25,28,53,34,48,32,13,21,56,40,64,35,22,32,57,42,62,47,34,29,54,42,64,38,36,29,52,30,447,289,189,181,387,322,483,314,203,185,378,301,518,333,215,188,378,303,509,321,183,181,390,335,518,317,214,201,365,334,572,330,251,222,407,340,564,365,256,260,401,277,211,154,119,110,205,156,211,164,130,113,203,157,208,163,135,117,213,157,216,152,118,114,202,147,205,153,116,114,216,194,257,196,151,157,251,181,269,186,147,158,225,134,156,140,121,117,179,120,155,136,111,105,179,119,152,135,118,101,187,122,146,125,110,102,177,107,148,104,111,97,191,121,145,137,118,116,203,109,164,150,132,124,170,90,117,133,107,104,184,104,129,148,112,110,187,106,133,128,104,112,193,104,120,130,95,94,178,115,149,126,118,114,173,126,140,146,103,113,204,123,152,141,107,113,161,88,133,137,108,114,140,82,144,143,109,107,134,66,128,141,115,105,140,78,139,146,108,108,149,70,138,136,111,111,163,83,133,137,111,107,160,78,139,142,116,104,136,67,85,32,20,31,86,72,115,46,27,37,102,65,118,43,16,22,75,49,88,36,19,23,83,44,98,48,19,43,87,67,99,63,53,39,55,43,66,55,39,41,83,55,343,220,148,141,332,247,368,243,147,151,362,281,405,260,171,157,348,252,337,222,144,151,365,280,367,219,156,157,352,292,429,292,207,224,375,277,413,301,236,258,378,225,172,126,121,110,170,113,186,128,118,112,180,113,182,139,129,101,176,108,189,117,125,113,172,111,172,130,128,106,180,123,195,165,134,134,197,126,192,172,140,147,194,100,114,96,114,111,158,89,132,106,121,121,168,77,122,117,119,108,178,92,125,129,135,116,158,101,139,91,125,126,186,117,143,125,101,99,176,107,135,135,108,110,140,72,132,141,140,136,173,95,143,134,134,132,181,100,149,138,127,136,183,100,160,151,141,140,177,100,160,148,132,136,183,114,160,143,127,124,188,106,163,152,130,121,165,81,103,110,113,107,134,73,100,107,114,103,134,73,83,109,115,102,131,78,101,95,102,102,134,69,96,105,113,101,128,70,89,112,97,95,127,79,106,139,149,113,112,66
201810,459,동일로184길,75910,39217,36692,3457,21514,14721,12410,12942,10866,10980,13149,11636,11618,17738,10789,10566,10653,10739,10608,10852,11545,10945,26,25,20,23,64,40,26,18,19,26,59,36,27,33,22,28,59,36,24,20,7,24,60,36,33,35,21,29,61,41,27,44,34,30,67,46,31,42,42,39,65,35,266,262,200,199,352,270,281,270,195,197,347,248,327,296,204,189,343,246,314,287,189,197,365,264,309,276,204,211,328,274,351,283,231,220,365,266,311,278,229,252,370,227,168,185,143,137,237,169,164,191,158,137,236,177,166,189,172,144,252,179,170,175,145,154,239,177,163,175,130,139,252,195,205,232,191,186,292,190,210,224,185,196,268,152,123,159,150,148,212,142,123,161,133,131,215,135,123,155,142,121,220,135,110,154,126,127,215,129,118,130,133,118,222,138,133,154,159,154,260,142,134,154,165,153,193,105,96,165,141,141,223,127,115,174,133,140,227,135,117,155,124,132,237,132,103,157,118,127,226,143,129,154,139,140,217,163,127,171,128,139,268,167,131,156,125,149,202,105,103,170,148,159,176,100,119,172,146,143,156,77,106,172,143,140,168,93,122,175,142,148,187,90,118,163,138,147,192,98,110,176,144,142,204,91,120,155,123,124,166,81,37,26,15,32,72,59,69,34,26,41,100,57,73,46,20,33,68,41,44,31,14,29,80,41,53,41,19,43,80,60,46,50,51,51,58,33,30,50,48,47,81,45,222,214,162,168,346,224,226,220,159,181,377,249,256,243,175,186,366,236,209,209,154,172,368,247,228,206,169,181,360,256,265,256,220,240,380,246,272,274,249,275,378,199,123,168,161,153,205,126,135,161,154,142,216,125,132,168,175,138,217,125,138,148,159,147,200,125,128,166,172,146,210,136,154,204,189,178,232,133,146,205,195,196,228,113,81,143,179,152,201,104,116,139,162,158,210,97,98,147,154,141,212,110,97,165,182,149,201,116,120,127,164,162,221,137,113,145,132,127,213,122,103,142,136,138,159,77,71,170,194,196,218,102,88,159,174,175,232,113,104,157,167,182,221,110,102,187,193,191,227,106,112,175,173,182,224,131,104,160,155,148,230,117,106,139,141,144,185,81,67,154,158,148,170,78,75,132,146,133,169,81,52,140,145,130,159,85,76,129,141,137,168,80,76,151,149,136,152,76,71,120,113,119,153,85,83,126,149,114,121,73
201810,458,동일로183길,48352,25299,23053,1570,10612,10472,9212,9049,7437,7290,7247,8141,8078,11647,5949,6992,6837,6852,6897,7007,7109,6658,10,6,8,11,37,21,8,3,7,14,41,13,3,10,8,11,45,18,6,6,0,10,38,16,10,11,7,9,40,25,31,14,17,15,32,14,14,15,28,18,31,12,132,114,113,126,179,115,145,111,106,114,183,113,143,110,114,117,170,100,147,126,112,131,196,112,144,108,111,134,176,110,172,101,110,111,185,102,183,111,114,122,204,97,132,128,130,112,171,105,141,126,134,116,182,111,140,126,126,122,200,112,143,119,129,116,176,113,145,120,106,106,187,118,162,137,141,136,195,114,168,141,132,135,207,104,95,112,133,118,167,91,98,104,119,111,165,87,100,111,118,109,171,90,99,111,105,100,153,86,103,108,116,101,165,95,121,104,130,123,176,102,130,92,112,116,139,66,76,107,121,105,170,85,93,104,109,106,165,84,93,95,105,96,163,74,79,108,116,108,157,78,88,96,114,94,179,97,90,93,104,113,199,98,95,85,90,99,145,69,80,105,119,115,127,51,79,88,111,107,116,48,76,94,109,100,110,56,82,98,106,109,122,55,89,90,100,107,122,59,79,105,104,92,136,70,96,90,73,77,118,55,18,6,6,11,40,14,20,3,7,20,54,18,14,11,8,14,46,19,10,4,5,12,51,17,7,6,7,19,53,29,22,18,28,38,43,24,19,22,29,23,46,19,109,85,89,100,202,112,106,84,92,109,201,116,118,88,98,112,197,104,113,81,88,103,209,108,107,83,80,110,190,110,109,103,119,124,193,102,141,121,136,145,203,89,95,111,129,117,148,77,89,97,123,113,162,75,87,100,125,118,153,68,89,109,121,116,145,73,92,113,126,121,176,88,111,112,129,121,154,72,106,102,114,120,146,63,68,109,145,114,142,65,76,86,123,117,145,74,80,95,123,116,153,85,79,106,136,109,143,79,82,101,136,112,160,83,78,81,111,97,152,75,92,71,86,99,118,60,63,106,144,147,164,66,62,92,122,136,162,69,78,98,126,142,157,64,64,102,147,148,174,71,73,110,142,136,154,77,62,81,111,109,167,66,73,66,88,94,144,49,72,106,117,110,109,51,87,89,94,98,103,49,70,101,103,98,91,49,83,96,100,99,97,45,80,108,107,98,94,47,83,75,86,83,96,44,81,67,69,58,73,44
201810,457,동일로178길,106335,52886,53449,3904,30121,20269,16626,19032,16383,19161,19861,15696,16904,21866,12847,15246,15362,15098,15267,15705,15463,14195,72,50,30,51,66,37,60,49,30,37,54,28,63,24,17,35,53,29,61,31,27,35,41,27,70,33,25,57,68,49,80,62,48,50,74,47,74,62,56,66,68,24,414,337,224,247,356,257,426,336,245,256,380,263,408,318,226,260,360,241,398,309,215,279,372,266,424,331,231,266,382,299,543,389,259,282,428,309,566,412,256,288,431,261,274,302,229,238,352,214,322,293,227,243,340,205,305,288,226,238,329,202,288,279,232,232,342,211,304,300,241,246,344,218,306,285,249,251,339,206,312,261,207,213,318,173,153,245,208,187,257,159,190,240,181,195,267,163,188,244,191,194,243,154,177,260,195,182,264,137,188,268,209,200,274,168,214,246,211,187,240,155,221,213,161,171,202,109,209,250,218,219,281,169,229,256,190,203,290,167,225,254,208,208,290,162,225,259,206,224,313,162,234,259,217,221,299,174,230,255,207,198,279,178,231,239,153,152,236,142,179,257,220,240,236,116,166,230,201,220,221,113,196,231,179,222,219,124,176,236,202,227,229,98,173,244,191,215,246,117,178,234,170,188,234,120,196,227,154,162,204,113,62,67,25,24,50,23,66,85,29,28,34,13,55,48,23,14,66,30,46,75,37,44,69,29,62,63,33,32,53,49,99,52,28,28,51,30,54,29,40,48,60,32,485,397,273,330,523,337,492,427,273,320,536,342,521,426,286,337,507,334,513,422,261,300,501,319,492,387,271,313,469,316,483,395,286,357,507,305,497,402,286,357,486,300,210,231,222,219,252,149,239,225,192,217,251,154,223,227,197,227,270,146,207,240,228,222,245,150,227,242,220,212,268,169,238,248,198,198,265,172,278,248,185,192,257,126,154,188,210,223,244,131,177,228,214,232,271,126,181,208,219,213,240,120,171,209,217,234,255,144,181,213,217,233,244,152,198,211,181,173,233,143,172,154,148,159,200,98,173,276,245,273,302,154,189,279,234,271,312,154,180,292,254,250,317,148,170,302,264,271,306,147,202,290,274,283,319,168,223,288,214,188,284,146,177,226,145,163,235,123,143,248,238,261,227,121,159,235,231,270,232,113,150,225,212,250,238,112,152,257,242,253,229,121,158,263,230,258,230,128,175,236,189,180,212,117,181,198,159,162,194,92
201810,456,동일로173가길,118812,61966,56846,5313,25999,25005,21069,22245,19180,23709,19492,17819,17241,25517,15034,16945,16928,16674,16717,17007,17645,16896,88,46,28,55,108,59,87,45,39,52,112,49,80,49,45,49,103,51,81,36,11,35,113,55,97,55,28,42,95,69,122,90,70,75,120,61,94,73,73,76,94,51,363,279,248,251,386,279,375,279,227,235,385,272,369,268,231,238,376,264,366,295,237,266,418,284,376,280,241,274,385,296,463,304,256,253,400,271,456,301,255,265,428,249,394,324,276,240,374,262,424,338,284,261,408,282,406,323,280,247,399,262,399,310,281,261,388,259,416,313,251,226,393,293,452,352,307,284,421,279,480,361,292,284,441,261,286,266,270,243,363,212,305,263,260,224,364,214,302,257,250,223,353,195,296,242,240,207,342,204,275,243,239,201,328,215,321,243,263,245,367,222,359,258,243,242,302,164,276,256,266,218,363,198,302,253,245,221,372,203,299,256,236,213,362,184,275,254,241,219,364,192,284,247,247,204,372,228,319,254,240,241,403,229,323,255,206,198,327,171,295,259,268,245,288,155,285,245,248,237,283,150,289,260,243,214,274,159,281,260,224,233,302,169,323,238,230,232,294,169,300,278,215,209,323,176,315,259,189,199,274,160,69,37,25,39,87,42,74,32,32,46,109,43,74,33,17,38,98,51,69,40,29,26,105,42,64,38,35,43,112,65,83,65,66,74,87,48,89,66,67,57,97,43,400,279,206,219,419,276,393,299,208,223,407,280,424,288,223,232,418,265,380,264,213,217,423,266,395,288,206,234,392,271,399,334,269,275,420,252,443,364,317,308,431,237,296,283,249,237,322,187,280,257,251,260,346,189,297,254,254,240,337,179,270,269,250,225,322,189,297,274,258,247,366,209,327,289,273,268,361,187,334,285,260,242,335,164,233,254,290,228,292,161,250,223,260,249,302,175,255,231,255,228,315,174,241,257,271,233,294,185,238,234,266,235,321,179,248,214,227,202,313,183,272,197,176,193,256,150,284,283,292,294,348,177,257,243,279,279,349,179,286,267,269,274,331,173,271,284,303,297,369,185,301,285,296,280,340,200,292,246,231,226,363,183,298,217,223,215,317,146,233,261,244,225,258,136,271,241,219,220,245,133,256,257,208,205,225,131,242,235,217,215,251,130,265,259,227,221,233,135,276,209,185,176,224,140,285,189,156,159,211,120
201809,465,동일로196길,53630,26774,26856,8656,13865,8843,8285,8546,5434,4693,9711,10439,10711,12439,5637,7804,7834,7938,8075,8088,7633,6259,44,235,185,185,96,41,41,212,191,192,98,46,24,209,181,198,96,53,33,288,235,198,98,55,36,297,232,176,93,49,32,48,49,57,84,39,35,49,52,50,70,42,109,183,224,232,289,158,126,200,231,205,321,160,139,198,215,247,305,168,142,232,236,237,322,164,138,203,230,212,302,165,122,209,165,147,212,140,122,134,133,146,193,116,72,106,99,101,137,72,70,102,95,91,125,76,71,108,105,98,131,69,64,96,79,78,115,71,63,96,85,94,135,80,71,130,134,133,194,90,82,111,116,111,139,68,56,86,95,94,116,49,44,79,82,86,116,49,40,76,89,98,119,50,38,77,72,78,114,53,40,70,69,75,121,69,41,96,142,145,210,83,45,78,121,131,145,48,49,92,92,95,106,49,38,88,91,93,110,55,39,98,97,100,122,53,35,102,97,89,110,50,44,101,98,95,103,60,41,94,103,112,145,55,48,84,95,92,110,41,59,86,75,69,73,33,58,85,66,74,74,37,50,85,73,67,63,33,38,88,75,73,67,35,40,82,78,78,85,39,46,82,67,75,92,38,48,77,72,59,66,34,24,180,148,156,98,34,29,180,149,155,97,42,22,191,136,151,97,38,26,225,188,185,90,40,33,186,165,159,82,45,36,53,49,56,81,38,21,43,64,46,62,28,79,141,147,134,201,108,88,130,148,144,222,113,92,139,145,151,224,114,88,160,161,154,222,123,91,139,142,131,202,121,86,123,126,130,201,109,85,117,117,125,170,89,65,107,127,132,168,64,66,101,120,125,168,68,62,106,131,140,181,62,64,102,125,118,144,61,64,98,125,129,187,82,58,85,147,180,225,85,64,83,115,132,155,59,45,93,132,134,172,51,42,84,129,133,189,64,42,82,134,159,187,65,37,80,128,133,181,66,35,83,151,144,199,74,42,79,162,205,272,82,45,71,138,147,166,45,61,115,129,159,188,72,57,108,139,169,195,69,55,112,141,173,184,71,55,108,146,156,189,78,50,102,143,181,209,87,59,95,133,179,236,84,53,93,124,130,133,52,30,64,91,87,94,30,36,72,88,88,90,29,29,65,89,92,82,26,24,75,94,92,93,28,25,71,101,86,99,35,27,59,84,95,111,37,28,63,66,68,69,28
201809,464,동일로195길,106916,55680,51235,6697,21415,22211,19432,20304,16858,19665,17322,15882,16872,23914,13262,15509,14899,15160,14839,15611,15661,15236,132,79,27,56,141,58,135,70,29,97,153,73,82,33,66,95,156,75,117,47,28,77,180,63,57,11,48,106,153,79,116,70,120,130,174,68,123,103,112,152,147,82,411,276,232,239,369,274,413,249,185,198,341,254,372,218,171,215,352,283,398,226,179,215,351,279,420,226,219,240,393,308,443,250,226,248,396,288,481,267,240,289,422,263,324,271,232,231,367,250,342,266,231,221,366,236,349,266,226,199,353,246,312,249,193,177,313,249,311,239,201,194,353,269,342,270,258,259,369,261,379,286,246,264,381,230,240,250,214,229,323,184,228,220,183,198,312,157,239,220,208,219,307,170,223,208,181,204,318,185,225,203,180,199,317,211,245,229,232,225,355,209,270,223,223,234,309,164,262,245,193,183,257,150,234,205,178,174,282,156,244,205,195,204,306,171,221,187,162,171,280,150,231,198,191,166,307,189,261,269,215,214,325,174,276,256,207,215,291,162,201,287,223,250,249,112,182,293,222,262,255,126,180,259,220,204,236,107,187,265,219,232,266,128,180,284,243,294,305,128,185,265,216,211,250,119,192,228,199,212,236,111,96,31,22,83,139,58,96,19,13,74,129,69,71,6,7,74,120,51,42,1,6,69,136,49,84,31,22,74,138,63,64,78,88,84,121,61,49,61,83,74,97,46,291,218,152,165,296,184,278,188,130,153,295,184,302,207,146,154,296,186,300,209,137,147,302,213,307,216,148,152,306,209,288,208,181,172,273,176,298,213,178,188,291,157,261,268,237,242,338,158,278,245,218,244,327,171,299,261,234,265,389,165,271,259,214,223,319,166,271,252,230,254,369,178,267,241,265,253,355,185,307,244,209,229,321,147,224,240,262,251,317,153,205,224,247,241,332,144,217,216,233,260,328,169,191,180,288,271,352,171,197,193,261,266,361,195,205,179,234,215,336,158,224,168,204,231,288,128,262,304,281,289,358,165,262,274,278,279,317,165,272,317,299,302,384,162,252,284,290,279,341,170,243,290,296,300,382,183,256,272,235,229,334,171,263,242,238,217,275,129,160,228,218,225,221,91,161,228,195,195,224,93,148,218,230,194,222,102,179,261,272,250,217,87,158,235,273,243,254,102,149,179,183,191,197,92,154,170,168,168,199,99
201809,463,동일로193길,63368,32970,30398,3577,12564,14339,11882,12392,8614,11596,8129,9234,10260,15918,8231,8929,8813,8826,8690,9159,10245,8706,79,36,10,31,72,32,82,36,0,46,78,42,65,7,29,48,83,46,72,3,4,39,109,45,40,1,34,46,80,44,72,23,63,87,111,43,78,49,63,91,73,39,231,151,130,139,242,183,220,124,106,126,232,188,206,89,105,136,249,204,220,102,104,121,219,203,239,102,114,143,260,224,279,124,127,155,276,199,291,135,123,159,258,156,189,140,142,151,242,147,212,142,144,142,249,153,206,153,149,129,255,164,200,134,132,124,232,169,201,122,137,131,239,173,213,150,184,196,283,157,228,143,151,166,235,126,115,114,129,141,211,118,120,103,125,130,207,103,128,106,118,131,202,91,120,99,109,114,201,116,114,83,105,114,203,138,131,101,161,179,282,140,157,100,134,155,199,90,172,138,114,112,172,91,158,118,107,102,188,104,157,92,107,117,184,107,158,94,107,109,193,96,145,105,117,105,213,134,181,145,133,138,229,119,190,142,120,128,166,92,96,136,124,114,141,53,86,126,115,130,146,57,96,128,119,116,140,54,116,120,108,117,160,72,104,139,129,147,180,66,104,126,109,109,147,56,91,116,108,100,123,50,70,16,2,33,91,29,42,7,0,30,78,40,51,3,0,39,77,24,21,0,0,20,69,35,58,4,0,18,78,33,28,13,53,62,83,38,10,15,43,53,66,15,142,89,84,92,176,114,147,78,71,108,201,115,149,78,79,99,196,106,145,79,81,81,185,123,162,91,92,90,199,131,164,94,107,133,214,112,157,105,105,130,174,91,164,138,155,160,251,109,177,133,142,167,244,113,170,122,148,172,263,98,170,145,138,148,226,113,168,138,152,157,274,123,166,148,205,230,299,127,210,147,142,159,207,88,124,103,154,168,239,93,106,92,159,149,250,85,115,101,155,178,241,97,104,85,160,155,265,112,96,87,160,149,258,120,107,95,193,222,312,119,123,74,119,159,194,67,179,119,143,171,223,97,186,125,143,175,223,106,202,149,155,184,217,99,183,137,156,164,241,114,185,128,158,179,254,118,172,124,154,194,274,114,163,99,121,126,167,71,83,79,104,109,139,47,87,89,106,100,137,50,88,78,93,92,140,51,97,86,120,101,141,51,96,80,129,113,149,64,84,84,102,103,132,53,82,74,99,76,104,45
201809,462,동일로192길,101274,55329,45945,8801,41393,15768,12570,12247,10495,25314,13542,11797,11008,22700,16913,13368,13914,14534,14178,15091,14996,15191,166,86,66,45,129,104,158,89,76,60,144,123,175,85,61,66,153,121,190,91,63,49,151,150,207,104,92,91,160,135,206,83,72,78,130,103,189,110,79,84,134,92,796,384,284,251,674,658,841,396,292,276,783,700,987,426,314,281,762,692,907,427,321,287,791,780,1001,467,357,339,778,833,1043,451,335,330,694,715,1061,453,323,340,674,574,322,152,117,105,270,236,298,126,134,111,271,252,356,142,122,117,257,216,342,136,111,98,250,204,303,151,114,106,294,279,393,156,148,148,307,273,366,177,167,162,292,179,214,128,108,109,216,168,233,123,112,114,262,165,223,116,118,107,230,154,207,117,116,108,203,161,186,116,101,93,246,196,238,130,117,128,281,165,244,156,158,149,227,105,174,114,84,92,192,100,169,103,95,85,218,122,170,96,99,79,191,109,149,97,94,83,200,122,152,101,100,74,198,143,185,114,109,108,221,127,199,163,134,125,210,87,185,122,97,75,153,73,167,108,96,83,166,76,191,114,108,102,163,82,163,109,88,85,144,81,176,105,99,92,185,98,185,113,89,98,172,80,172,229,213,130,166,71,138,85,52,42,140,99,135,77,57,46,147,103,142,74,68,72,151,111,150,82,61,59,138,115,156,79,68,68,139,98,134,62,67,67,122,96,138,81,67,72,118,78,585,295,209,178,494,414,577,293,204,197,568,515,680,327,235,215,604,495,715,324,224,213,582,525,691,320,226,209,561,553,710,350,272,288,547,489,655,336,269,275,520,376,275,133,125,104,205,142,254,110,128,109,221,133,289,132,130,126,215,112,240,106,126,114,179,126,271,113,127,121,233,175,295,129,105,144,238,152,279,146,165,152,228,102,179,103,106,112,183,103,150,100,124,125,204,105,167,94,132,124,186,96,167,83,133,118,188,116,159,86,121,125,253,153,164,85,103,120,219,126,166,124,136,122,180,84,195,143,149,135,197,100,190,120,150,132,242,102,189,133,143,145,241,95,176,120,153,148,218,109,192,136,144,144,241,131,204,121,138,145,225,107,197,179,182,156,212,83,173,111,121,103,122,70,148,130,121,88,130,56,147,152,146,110,179,94,133,130,117,102,142,69,132,135,119,101,165,74,146,111,95,89,140,67,142,226,202,151,140,58
201809,461,동일로191길,68595,36981,31613,3984,17258,14617,11234,11916,9586,12371,10009,9522,9774,16537,10383,9559,9593,9760,9632,10242,10153,9656,73,38,18,33,79,45,69,35,13,42,86,56,63,24,26,48,85,56,67,18,12,38,104,58,57,21,38,50,90,63,73,28,53,67,92,51,73,55,58,76,82,41,261,181,157,164,321,272,268,165,134,153,342,287,280,138,137,162,344,291,263,152,134,159,334,311,302,168,160,181,346,344,334,165,162,186,347,304,350,185,159,191,327,227,200,148,140,137,248,188,219,153,150,134,265,199,230,158,137,137,266,190,220,148,132,122,245,187,211,151,144,131,270,216,239,174,164,168,267,193,234,168,158,164,252,147,124,131,129,133,222,144,129,123,123,128,217,131,131,124,118,126,207,123,129,117,118,119,209,133,114,115,118,113,222,160,148,115,127,130,242,147,159,127,140,133,190,91,156,141,109,106,186,104,148,127,108,102,213,131,150,115,110,106,195,126,147,114,112,106,217,114,141,121,125,101,239,163,166,148,122,115,222,134,175,149,115,126,188,103,113,147,124,119,160,69,95,134,123,124,155,69,112,137,120,131,168,75,117,128,119,125,173,78,119,145,135,146,206,86,116,139,116,112,167,71,103,161,138,119,151,62,63,35,16,33,86,36,44,19,15,33,84,50,47,15,16,44,84,42,30,15,10,25,77,51,60,11,9,27,84,49,34,23,47,52,70,41,27,29,50,51,68,28,183,133,106,113,245,180,186,123,97,126,283,209,208,129,111,132,285,199,216,134,108,114,281,213,213,128,120,121,282,232,224,142,134,160,269,202,206,145,146,169,256,153,182,160,145,130,214,126,182,158,143,149,220,116,186,154,147,147,228,113,176,160,133,130,201,118,172,150,142,147,239,138,186,171,160,167,223,127,198,168,150,150,207,98,106,119,131,128,200,99,104,107,133,119,196,91,103,113,134,125,180,98,98,108,150,125,202,114,95,109,128,123,224,125,104,93,121,119,189,107,109,88,106,108,156,74,146,145,143,142,185,95,154,137,140,131,189,100,178,160,136,147,196,94,154,152,150,144,207,102,157,150,149,145,213,116,158,130,124,123,192,100,147,126,128,111,154,69,97,116,112,109,127,56,88,120,110,89,135,61,100,130,116,95,149,74,102,121,123,107,139,64,98,125,129,109,147,68,92,105,96,91,116,56,81,121,126,103,115,57
201809,460,동일로186길,85994,46007,39987,6907,31689,13893,11305,11935,10266,19962,15561,10716,10239,17272,12245,11683,11745,12093,12018,12528,12977,12949,146,117,29,29,91,74,143,91,31,34,79,65,155,106,31,37,82,72,143,88,27,32,82,89,179,117,40,38,101,84,148,118,64,45,80,60,139,119,80,55,111,78,646,419,220,197,421,359,640,422,222,212,448,394,732,479,255,218,472,422,766,493,245,221,479,439,759,495,287,256,468,417,779,531,319,290,464,414,748,527,323,294,445,368,220,164,121,120,203,158,218,163,127,114,214,171,239,170,120,122,212,159,229,152,97,106,196,159,223,174,119,115,227,181,260,207,153,152,240,193,265,208,162,152,236,140,152,159,120,111,178,129,170,146,111,113,206,133,161,143,113,116,178,127,160,141,117,112,188,126,156,137,117,113,194,150,174,143,116,119,215,134,171,150,129,129,188,100,166,145,110,111,170,106,165,142,107,109,189,122,168,137,107,100,177,109,165,132,109,96,181,113,164,145,115,108,197,130,175,158,120,116,188,122,170,172,118,125,185,102,143,146,111,105,149,80,146,137,112,103,145,83,160,143,105,107,146,83,148,142,106,105,149,84,154,140,114,108,167,96,157,149,106,106,151,87,148,153,124,105,153,74,143,103,30,37,122,79,133,74,26,35,114,79,141,70,28,35,109,78,136,78,24,40,106,72,143,65,26,34,108,69,96,93,73,58,94,65,126,110,74,75,105,69,465,322,174,158,355,271,460,327,178,172,382,305,503,329,194,194,395,314,533,338,168,165,416,316,505,334,183,178,407,345,528,391,255,273,424,339,522,372,263,270,391,272,195,169,134,117,183,113,199,167,131,123,191,120,207,177,135,124,191,114,182,151,124,110,169,116,198,155,134,121,197,137,211,182,131,139,195,126,193,175,144,150,197,107,152,155,124,117,162,103,146,131,127,110,166,101,147,123,115,116,146,76,146,95,115,111,162,99,136,87,119,118,187,103,145,116,97,105,162,105,152,129,107,109,155,86,165,164,141,126,174,102,158,156,134,126,185,101,152,155,123,133,176,96,153,153,145,141,188,106,155,163,142,143,192,120,159,156,131,133,170,106,161,158,155,139,166,90,139,141,113,106,129,76,103,143,103,97,139,76,111,149,127,109,150,88,145,142,112,108,151,86,126,154,118,106,148,87,121,139,103,100,133,75,122,153,173,123,137,75
201809,459,동일로184길,83532,43584,39948,5493,25252,15349,12699,13358,11380,13508,15480,12019,11974,18641,11909,11436,11480,11756,11636,12334,12616,12273,99,99,25,36,94,63,93,65,18,33,79,58,97,86,27,36,78,60,84,61,17,37,85,68,124,86,26,33,92,71,85,94,53,49,78,58,84,96,79,55,106,59,375,329,202,190,363,268,375,330,181,194,379,310,425,360,220,202,399,326,461,381,201,212,408,332,447,391,252,234,389,313,472,415,274,274,414,332,446,428,285,271,390,281,160,185,152,149,225,164,173,183,152,138,245,186,181,193,139,151,252,170,171,167,114,125,224,171,172,198,148,144,271,196,195,245,184,186,281,201,200,228,188,177,266,149,118,187,157,142,216,148,132,166,139,145,230,153,120,161,141,149,211,147,127,159,130,134,224,139,119,160,149,142,236,176,138,159,150,145,255,161,137,162,162,149,220,108,127,161,138,142,201,124,135,159,124,138,233,156,142,158,128,125,225,141,145,147,129,121,228,125,145,169,145,139,256,166,150,177,142,139,241,155,148,175,128,151,226,118,118,175,134,144,180,90,124,161,135,131,163,89,127,168,128,138,176,97,127,171,142,139,178,92,123,168,151,148,206,109,133,179,140,136,189,100,128,159,121,122,186,83,88,82,25,42,112,61,77,52,16,37,113,68,86,45,16,34,104,67,78,49,9,34,101,60,89,37,13,34,100,66,44,80,65,57,88,54,73,94,77,76,107,56,283,270,162,170,342,232,282,275,172,188,365,256,305,268,182,210,384,260,315,286,168,175,412,261,292,261,181,190,397,299,325,322,241,271,414,294,332,319,264,290,384,226,144,199,178,149,224,128,153,220,181,174,235,133,155,219,191,173,246,141,137,193,168,145,220,130,137,192,181,165,252,160,163,223,185,187,236,138,147,210,183,198,235,124,108,191,170,148,200,116,117,152,168,145,189,118,109,149,152,146,183,99,102,137,159,142,199,116,99,126,161,159,229,119,105,130,122,132,188,116,111,134,134,129,186,99,114,196,182,167,208,112,111,180,176,167,210,114,115,184,159,173,204,109,107,189,190,190,231,116,107,197,189,196,230,137,116,177,157,153,200,115,112,157,163,153,179,91,90,174,137,133,142,74,62,164,129,123,167,85,81,178,155,134,169,88,101,174,150,146,177,95,84,189,162,136,175,97,85,157,128,129,159,84,81,151,170,128,149,82
201809,458,동일로183길,48710,25415,23294,1778,11271,10504,8915,8904,7337,7912,7570,7995,7811,11372,6049,6730,6730,6946,6881,7423,7317,6683,24,14,9,17,44,20,18,13,4,14,42,20,12,14,12,13,47,16,16,11,4,13,36,15,26,11,7,13,39,27,19,15,23,25,35,18,25,18,30,26,33,10,147,128,112,109,164,104,149,120,99,108,179,125,164,121,107,113,207,121,169,136,117,117,187,120,165,141,135,128,195,121,179,126,126,136,186,121,189,147,127,136,180,102,166,132,116,112,147,101,157,110,110,100,170,118,168,107,106,108,179,106,145,107,102,100,156,104,141,126,118,111,199,136,164,146,139,131,189,127,191,142,125,124,189,101,92,125,126,110,155,88,110,104,112,116,174,92,103,105,110,104,157,87,108,103,116,102,166,84,94,117,130,115,176,113,129,109,133,129,183,104,112,101,113,105,161,67,86,92,95,95,147,78,88,91,99,102,163,86,101,97,102,95,156,75,88,94,106,95,162,79,90,102,117,99,177,90,87,100,115,116,182,89,85,78,87,91,148,64,78,106,100,93,100,50,81,88,100,79,99,51,99,94,97,96,100,51,91,98,105,91,115,53,82,107,108,103,130,55,90,110,106,87,122,56,95,85,72,67,107,51,26,17,5,12,51,21,24,2,5,15,52,19,24,3,5,19,57,30,18,6,1,17,60,16,24,3,4,23,47,24,10,15,23,34,42,15,25,16,27,27,49,14,144,106,97,99,179,104,121,95,84,99,195,109,137,95,93,117,215,111,143,103,81,94,217,118,125,90,97,112,201,124,142,115,124,140,201,112,148,129,139,143,206,101,107,116,124,105,146,78,111,126,128,119,154,81,137,117,117,115,152,73,90,102,122,107,146,72,90,118,142,125,166,89,110,121,133,122,152,84,128,106,111,120,148,69,72,100,112,93,121,66,73,88,115,101,131,71,73,81,118,101,134,69,71,85,131,102,134,75,70,93,125,119,160,77,78,73,97,97,134,66,76,60,84,80,113,59,75,107,128,125,140,62,74,95,125,126,152,65,86,107,125,124,146,70,78,111,143,138,163,70,73,122,150,145,150,83,80,99,125,121,139,64,91,75,93,99,126,51,72,106,95,92,99,45,72,87,89,90,103,46,88,108,105,96,98,50,79,103,114,99,112,49,76,115,118,105,125,65,82,91,96,90,94,45,68,72,68,59,80,42
201809,457,동일로178길,110464,53527,56937,4450,33564,20326,16585,18243,17296,21128,20611,15859,16924,22518,13423,15630,15480,15900,16141,16525,15901,14887,65,49,18,40,66,37,70,26,4,26,68,47,63,17,8,20,64,50,76,24,10,15,52,26,69,24,10,30,56,52,78,56,52,48,88,49,89,58,48,60,85,45,487,397,238,263,391,267,480,356,215,255,399,289,509,376,257,283,447,310,526,398,246,267,435,307,547,398,267,300,428,318,609,437,284,304,441,322,589,421,272,314,437,291,292,291,223,239,335,199,298,274,222,216,313,201,300,264,201,225,307,173,286,264,216,252,332,193,305,282,229,241,318,229,284,253,219,220,302,195,299,224,201,213,285,164,190,255,214,195,272,157,201,249,193,195,252,165,205,242,202,198,257,151,187,258,209,204,273,159,204,264,201,240,302,173,219,247,200,197,245,147,208,209,175,182,216,131,207,240,173,184,252,151,241,245,181,186,256,170,242,260,186,187,267,151,210,233,189,181,274,166,228,227,182,193,284,184,239,226,179,179,280,167,242,203,161,167,237,127,186,243,194,217,224,107,169,209,185,213,239,111,165,228,195,213,230,110,162,233,205,226,241,123,191,229,207,238,252,132,185,223,174,199,255,124,185,215,164,168,193,98,80,82,41,58,75,47,84,92,35,37,59,36,88,80,47,17,78,49,84,98,49,43,97,41,72,68,46,38,61,31,85,89,35,29,57,37,87,65,51,51,78,34,578,472,268,316,522,338,605,484,241,305,507,343,587,471,296,324,553,396,666,542,285,305,514,383,640,509,307,363,525,375,595,488,328,343,514,351,591,467,310,345,492,346,254,267,239,254,297,153,249,254,226,222,309,153,269,263,235,235,291,158,234,247,216,220,278,151,213,243,208,240,297,162,238,238,217,214,285,171,274,250,204,219,257,147,153,207,190,206,224,121,180,205,200,180,220,121,148,197,197,205,243,124,157,208,211,215,254,133,170,200,222,227,264,148,165,196,177,175,244,116,148,155,171,170,206,93,218,263,234,248,271,136,188,243,227,234,285,150,193,268,249,257,295,144,197,278,263,267,303,159,194,264,245,278,331,168,212,265,221,221,306,148,170,201,173,183,234,126,202,259,207,241,233,121,201,279,248,268,269,123,224,276,233,254,263,131,217,287,248,261,249,124,199,275,255,270,264,122,194,252,206,187,243,136,239,237,199,206,224,110
201809,456,동일로173가길,137127,70312,66815,7399,31646,28978,23582,24255,21267,30472,24043,19062,18471,27608,17471,19170,19117,19540,19219,20136,20180,19765,133,94,46,56,117,68,117,81,28,51,124,80,120,78,54,68,134,71,132,76,36,59,121,68,125,74,49,63,114,81,119,95,79,88,122,73,127,101,93,104,119,61,474,380,276,257,402,290,460,339,247,266,434,311,486,360,268,280,474,331,498,359,266,270,428,330,505,379,305,296,451,335,540,362,299,314,453,334,589,424,301,314,444,289,530,386,287,275,378,276,531,360,282,250,415,306,552,358,284,260,427,292,523,343,258,230,366,285,504,344,300,262,443,338,555,424,326,307,457,316,587,420,317,313,462,278,372,346,296,271,367,237,389,303,274,273,398,250,385,308,278,241,382,236,385,313,270,238,392,227,383,314,273,254,391,275,421,322,285,272,411,271,420,323,262,249,394,207,331,286,219,221,338,193,329,274,222,205,362,214,342,260,227,218,353,192,335,255,227,208,366,191,326,270,254,212,410,239,347,298,251,235,395,238,356,272,210,223,349,189,336,309,236,224,292,183,337,280,227,220,288,180,364,284,230,232,293,185,361,278,234,224,319,198,355,304,251,245,333,185,349,295,245,215,312,186,377,305,212,217,310,175,151,99,44,58,132,69,151,81,37,53,126,72,147,72,40,64,135,77,142,75,35,41,140,66,160,75,38,61,108,66,114,89,77,85,108,61,126,90,79,80,114,62,566,394,239,234,430,325,562,397,221,242,442,327,569,397,231,249,472,336,617,407,217,229,471,353,599,414,265,255,457,340,571,452,303,325,463,323,569,459,359,349,482,313,385,351,281,245,368,224,404,359,284,283,399,231,427,347,281,281,380,221,385,341,268,255,359,213,377,341,299,278,398,250,410,370,320,293,404,250,456,382,279,288,380,224,299,287,242,232,300,189,291,251,244,211,301,182,291,250,252,219,300,182,280,249,263,217,304,189,280,262,269,245,348,204,289,231,222,205,295,184,309,215,196,201,284,162,361,352,306,295,341,212,365,312,282,290,362,203,391,357,288,287,356,200,360,356,302,294,367,206,367,360,327,304,373,227,367,310,272,253,350,196,379,281,246,242,337,177,278,276,219,217,244,139,303,275,215,208,282,161,325,307,233,220,283,166,326,298,250,217,296,164,317,301,256,223,280,169,309,262,209,194,257,144,289,224,186,170,239,146
201808,465,동일로196길,48511,23841,24669,5716,11161,8169,8876,8629,5959,4597,8421,9067,9258,11622,5545,6957,6794,6990,6932,7197,7488,6152,21,159,122,120,61,34,17,134,121,113,56,36,20,116,107,111,64,29,15,163,167,110,58,33,25,142,170,117,62,38,21,48,41,45,64,38,25,43,45,43,58,29,108,155,150,156,230,136,113,156,166,165,217,137,109,140,141,152,214,123,105,147,154,168,212,127,127,155,171,167,242,134,113,161,134,134,211,125,105,165,132,123,176,107,74,91,80,84,122,71,67,93,84,88,115,63,78,95,92,104,137,77,61,91,90,90,130,75,81,94,89,90,134,79,72,115,114,136,192,97,89,136,120,111,145,72,47,78,86,80,119,62,42,72,82,76,116,58,49,82,80,102,139,69,46,81,83,90,130,70,56,86,79,79,127,78,51,92,126,167,231,92,45,93,128,128,135,53,54,91,91,79,114,59,49,85,89,78,110,53,44,96,97,101,120,58,37,88,92,88,113,58,53,81,86,78,121,61,41,89,110,112,173,75,52,100,109,93,116,46,54,101,81,77,75,41,57,99,87,83,80,44,63,102,88,74,76,40,57,94,82,78,76,39,52,96,81,82,92,41,44,92,77,78,89,42,50,95,80,61,66,34,19,132,96,76,72,43,32,125,100,77,65,40,24,101,88,97,78,33,24,96,92,78,63,37,35,74,71,57,82,48,33,58,49,53,95,43,31,64,60,43,65,31,74,114,104,105,165,98,76,118,115,118,170,95,75,112,112,120,166,93,79,118,107,113,166,97,90,120,119,110,177,105,74,117,111,125,193,104,75,115,115,110,147,81,49,85,109,115,135,58,51,80,97,109,135,51,52,82,120,123,167,60,53,80,101,112,147,61,62,80,111,114,165,68,48,77,132,159,206,90,55,80,106,96,126,45,40,98,141,163,226,74,42,97,134,140,200,75,46,96,132,176,204,72,41,102,146,153,222,84,53,88,139,161,207,85,44,88,165,209,281,91,46,89,130,127,141,45,57,102,142,164,212,78,54,111,142,168,190,75,56,109,138,160,207,78,50,101,138,150,197,79,61,110,152,169,209,86,61,98,135,162,230,85,53,95,115,121,138,53,45,71,90,101,104,40,42,73,80,91,89,33,39,73,90,89,89,40,45,78,95,94,99,38,47,73,93,94,101,42,42,68,81,86,107,45,35,82,73,64,64,31
201808,464,동일로195길,105629,54304,51325,7428,20984,21628,18555,20035,16999,20103,16792,16184,16510,23023,13016,15065,14846,14968,14728,15237,15865,14920,105,22,53,94,158,69,93,39,65,101,173,75,117,56,87,113,168,72,113,51,91,106,163,77,106,28,67,116,180,86,121,92,116,146,153,83,135,97,100,153,150,65,401,239,206,228,382,296,379,202,195,209,341,282,385,221,187,195,348,271,372,208,199,197,330,264,380,223,206,217,348,278,426,233,218,248,391,262,420,234,215,269,393,239,320,227,216,222,324,232,336,238,208,192,288,233,357,241,216,223,326,229,320,236,216,202,330,230,326,246,214,189,325,267,353,282,272,260,422,263,414,324,255,244,405,211,207,203,207,189,267,162,212,200,185,178,265,161,218,195,170,184,276,179,202,199,180,179,270,189,211,198,188,187,295,197,238,231,226,223,339,205,258,231,219,213,300,136,240,221,181,161,270,141,234,197,181,142,260,155,271,225,188,172,283,146,232,198,172,150,251,143,242,204,185,156,286,190,270,245,221,198,322,192,310,287,210,209,276,130,194,250,231,251,269,127,226,271,248,224,256,119,229,251,218,216,244,122,220,263,231,225,257,115,193,262,228,228,275,127,181,253,228,208,254,121,219,223,189,187,221,103,27,7,55,101,134,68,73,23,22,85,153,75,50,17,40,84,133,53,55,16,34,102,132,59,48,30,39,107,151,83,133,75,86,94,131,70,131,81,79,81,117,37,281,214,158,167,278,198,290,211,167,163,273,181,320,220,166,159,294,201,298,213,159,169,273,176,297,195,141,154,296,188,326,235,187,186,294,159,303,233,198,208,265,155,289,245,222,266,325,152,294,235,206,227,309,157,307,244,223,232,318,162,278,234,218,218,315,158,286,231,229,228,334,173,288,225,243,243,325,178,312,224,208,206,295,131,189,236,289,256,319,140,192,220,272,269,352,158,205,220,243,232,309,142,195,228,285,238,305,158,197,197,256,229,329,185,212,199,238,238,324,151,230,180,187,183,269,123,256,270,307,296,373,162,269,267,310,314,346,168,286,276,276,283,371,172,267,259,284,270,347,160,265,281,315,310,363,187,271,241,262,220,319,156,261,214,232,223,251,124,194,238,232,224,222,111,179,214,243,247,206,111,196,228,198,189,218,99,194,257,241,219,222,113,199,227,226,237,242,126,196,203,171,184,189,119,176,183,149,165,168,92
201808,463,동일로193길,57449,29490,27959,3900,12411,11667,10601,10925,7946,10596,6819,8750,9529,14376,7380,8037,7808,8154,8046,8373,9397,7635,74,8,17,43,85,42,61,15,40,49,107,42,80,26,41,60,104,44,70,36,41,43,95,43,70,2,31,59,109,50,69,49,63,96,92,45,68,47,44,83,75,38,236,123,114,124,256,195,190,74,101,118,216,188,208,85,107,136,239,186,202,79,115,124,233,174,208,85,115,136,250,206,244,101,126,151,257,173,249,117,112,156,237,156,145,76,113,118,186,135,167,96,111,114,179,132,169,94,121,132,197,127,150,89,112,118,206,131,156,91,113,115,211,166,184,110,133,152,264,149,191,126,123,119,195,93,87,94,121,115,171,83,83,91,116,106,161,88,103,81,102,108,177,91,92,87,110,108,168,101,89,84,112,116,192,110,112,84,142,181,258,121,106,90,112,129,158,59,136,109,108,85,158,75,135,80,98,82,160,88,167,99,105,81,158,79,140,81,107,89,162,80,140,87,105,94,189,119,163,113,126,125,215,123,177,143,97,100,142,69,117,96,105,106,145,60,122,100,125,108,130,57,129,111,110,102,140,58,129,115,116,109,148,61,123,104,107,109,146,59,115,85,99,109,140,61,122,109,98,89,116,47,12,0,26,48,80,33,19,0,9,38,77,39,9,0,26,55,81,32,20,0,20,51,75,26,1,0,4,54,82,46,60,12,56,62,97,39,56,18,46,53,72,11,170,113,83,105,170,107,160,96,99,106,181,107,198,108,95,106,186,112,188,108,94,108,159,110,180,97,82,102,195,110,195,126,106,141,211,101,170,124,126,126,163,85,153,93,133,149,195,83,155,81,124,137,189,84,154,88,135,159,215,89,159,90,133,139,198,81,159,86,136,141,213,102,156,97,165,193,248,107,179,109,120,118,156,56,86,92,156,154,249,85,82,76,133,144,229,98,88,85,148,178,231,91,85,90,164,156,226,95,85,84,150,152,238,115,103,92,185,216,303,119,120,72,108,109,165,64,147,103,149,164,235,86,146,99,153,182,212,98,153,84,136,163,211,87,153,107,155,149,209,84,142,110,166,181,234,106,159,88,150,157,237,95,147,87,124,109,130,55,86,76,96,94,119,47,84,75,107,106,101,48,84,78,88,90,114,47,85,83,113,91,132,48,83,78,101,99,150,56,81,78,79,89,113,51,66,68,55,60,72,40
201808,462,동일로192길,105805,55203,50602,7639,43630,16746,12640,13553,11597,27579,15459,12399,11843,22197,16328,14156,14418,14929,14811,15302,15818,16371,148,65,45,64,108,84,146,78,51,62,111,84,153,66,58,61,106,76,152,77,41,65,114,71,145,62,47,71,115,89,144,82,61,70,101,77,157,96,75,76,109,76,914,527,331,318,666,632,953,512,326,318,646,605,987,515,338,339,680,623,999,508,343,333,694,617,959,517,348,343,695,714,1066,528,363,356,711,681,1045,528,378,422,711,585,334,163,131,110,249,216,359,164,124,114,243,225,370,154,132,134,270,226,389,156,122,107,292,236,360,156,116,108,280,300,436,191,159,164,323,259,428,212,189,180,294,175,206,97,105,90,216,140,225,105,94,81,214,164,229,119,110,94,214,148,241,113,106,84,227,157,204,112,106,95,248,183,249,114,117,123,254,147,228,168,173,136,191,103,167,105,87,79,179,107,159,102,94,83,209,125,178,107,94,89,178,97,168,113,91,83,190,107,170,113,91,81,199,123,180,115,115,103,210,116,181,145,137,109,190,83,219,93,98,95,159,87,192,96,89,89,148,86,197,124,98,81,157,99,189,115,93,89,159,99,187,124,96,85,171,103,193,123,84,75,163,92,184,238,217,135,163,77,150,67,43,62,123,92,143,68,58,75,118,88,141,69,53,61,119,85,129,74,62,67,118,78,144,69,56,75,127,86,151,80,73,74,126,93,154,102,77,78,122,71,712,373,239,234,543,449,730,386,244,227,546,475,775,400,256,267,551,464,752,394,249,250,559,473,765,421,270,263,548,537,793,423,289,290,540,449,770,440,311,332,571,396,280,113,114,114,196,119,281,129,121,99,200,172,305,145,133,114,226,154,291,129,121,104,207,146,267,131,137,116,224,190,318,154,126,139,255,174,300,165,174,151,234,128,169,107,112,122,193,107,188,107,128,105,170,128,194,127,128,121,192,114,196,116,122,111,192,110,176,108,125,117,230,134,195,103,119,128,240,139,223,149,146,143,180,97,247,160,184,179,256,114,243,177,174,182,250,126,251,171,171,167,255,131,247,161,169,167,274,142,236,171,182,178,286,146,255,166,174,149,260,124,240,226,200,174,237,101,190,127,120,112,132,70,192,153,124,102,154,80,199,167,127,109,186,101,205,155,123,111,180,88,185,161,127,118,180,99,213,156,132,110,171,93,195,263,231,154,172,73
201808,461,동일로191길,62027,33240,28786,3888,16352,12411,10059,10854,8463,11358,8814,9009,9008,14737,9102,8696,8566,8631,8756,9167,9280,8931,62,13,21,45,84,45,57,32,35,44,97,47,71,32,39,49,86,51,62,39,35,46,91,43,63,14,30,52,93,50,62,47,56,71,75,45,64,53,46,66,71,43,262,167,155,165,327,265,236,133,140,158,304,246,253,140,142,161,305,255,261,133,152,157,316,247,263,137,152,174,323,299,310,145,149,177,320,261,316,161,155,199,316,221,158,121,134,124,210,164,186,127,118,108,203,167,184,127,124,127,212,153,173,121,119,115,237,166,183,125,120,117,234,208,212,140,142,142,250,168,214,155,156,137,224,119,91,106,117,102,184,111,101,113,115,101,182,117,112,101,107,95,178,106,114,107,110,99,179,120,108,97,112,106,205,137,125,96,118,121,221,123,115,117,128,114,163,73,130,122,98,92,176,99,128,104,89,88,190,117,159,118,101,80,167,98,132,109,98,89,181,102,146,113,104,94,200,130,157,127,106,107,203,130,170,143,106,101,159,75,116,106,108,119,160,69,113,110,119,112,143,65,119,122,103,101,145,74,118,127,120,117,153,73,118,121,114,114,162,71,110,109,98,97,140,70,114,157,135,111,135,58,26,8,21,49,79,39,21,8,19,40,74,41,19,7,23,45,74,39,22,12,27,47,75,38,22,7,18,52,80,48,55,24,47,54,79,48,51,34,47,48,71,24,195,134,110,128,250,168,186,127,121,121,251,180,228,126,118,125,258,175,211,130,119,130,247,177,217,128,111,127,260,198,245,146,121,143,249,167,219,156,154,166,236,137,163,114,118,120,173,90,161,111,120,107,170,110,167,121,123,116,175,99,162,111,120,114,176,95,164,117,132,117,182,126,170,131,140,140,194,111,173,138,143,135,165,76,88,116,136,113,178,85,83,96,114,105,167,101,95,105,122,115,173,84,90,109,130,111,163,90,95,105,119,110,188,111,113,100,125,120,189,112,124,98,117,98,146,72,137,130,153,151,189,87,139,130,149,155,184,93,154,114,123,130,174,81,141,131,142,133,186,91,137,138,145,142,192,109,148,110,126,115,170,83,136,119,132,111,139,64,81,102,101,85,106,46,80,100,107,92,102,55,86,106,85,74,120,54,85,108,109,78,127,58,89,114,108,89,126,60,78,93,77,76,103,51,62,115,109,86,93,46
201808,460,동일로186길,86474,46339,40135,4741,32305,15500,10872,12323,10733,20349,15651,11136,10767,16945,11627,11940,11969,12182,12210,12619,12716,12837,117,52,32,34,55,43,99,52,32,36,54,39,101,61,37,38,55,39,101,50,33,36,60,33,83,45,36,40,63,43,79,69,44,39,55,38,88,55,43,39,58,38,699,511,293,280,456,359,708,490,278,255,435,357,713,501,285,273,438,357,723,492,282,271,437,359,705,496,298,287,425,374,699,491,301,277,435,356,677,489,320,332,474,359,294,215,157,138,231,169,270,211,142,134,225,172,287,197,144,136,225,169,277,197,137,135,239,181,287,203,137,137,235,201,310,229,169,161,267,196,329,250,186,189,284,163,167,149,118,105,174,128,183,153,119,101,196,124,186,130,102,108,184,126,188,157,114,101,191,130,186,142,116,109,206,153,193,159,123,118,210,131,184,169,139,123,177,111,148,145,109,107,174,103,143,133,105,110,182,110,158,145,103,105,169,108,149,150,104,107,178,114,158,154,116,111,188,121,155,151,110,113,186,118,163,153,129,109,170,94,181,143,95,115,155,80,181,156,107,116,167,83,176,164,107,109,157,87,178,156,109,113,156,95,177,157,113,111,168,107,180,147,111,104,151,94,155,159,128,112,151,84,109,50,31,40,72,59,106,52,36,42,79,46,84,47,36,42,74,47,106,56,32,47,86,50,85,50,34,45,72,47,79,61,45,41,89,56,74,62,49,47,81,48,514,338,197,195,372,297,534,349,192,188,367,309,566,370,222,208,406,309,541,355,203,201,372,322,586,390,219,207,377,322,539,387,242,251,385,289,539,411,263,278,378,270,211,167,132,121,188,130,222,175,132,114,185,140,232,180,136,121,197,128,211,153,129,119,188,121,216,177,144,116,199,153,234,197,136,138,206,129,213,193,148,134,203,113,143,95,87,93,141,68,128,88,88,88,139,82,150,95,87,94,156,72,150,105,97,96,158,78,154,96,83,92,154,91,147,95,93,95,151,118,175,151,122,105,115,77,148,177,161,149,157,99,139,158,152,151,205,105,171,161,143,149,201,114,172,178,158,161,226,113,193,185,164,161,220,129,195,176,161,135,193,111,183,164,148,134,178,88,107,126,109,112,147,69,125,140,116,102,158,78,116,127,115,113,156,76,118,130,97,115,164,69,119,149,128,115,160,100,159,156,123,107,149,80,116,153,182,132,148,76
201808,459,동일로184길,73521,39791,33730,3397,20927,15022,11678,12416,10081,10989,13073,11330,11231,16832,10067,10327,10176,10151,10324,10945,10869,10729,57,35,28,31,58,35,46,42,26,32,56,34,50,51,34,35,58,37,46,40,30,36,63,28,39,36,32,37,68,39,38,55,43,37,60,34,40,46,41,37,58,34,326,323,236,237,370,245,321,295,211,215,354,234,316,299,210,209,325,236,322,297,211,215,336,235,330,293,228,232,333,262,329,282,208,214,343,249,339,302,240,261,361,230,186,212,178,162,255,164,168,206,151,142,242,171,177,196,154,157,237,156,163,192,151,156,253,177,201,191,155,162,264,197,203,218,194,182,284,188,220,235,209,210,299,154,109,162,134,124,199,147,131,170,147,122,223,139,132,138,120,125,209,136,127,169,136,126,211,136,149,152,141,127,228,173,142,163,151,142,257,153,131,167,157,149,214,118,113,155,125,133,210,118,111,138,113,129,213,129,128,154,120,119,204,130,116,162,120,124,219,136,134,164,140,132,229,147,126,168,122,138,244,150,143,158,141,130,204,98,120,158,114,148,177,77,124,169,134,140,193,78,120,172,125,128,164,84,119,165,137,145,168,83,125,165,138,139,186,99,126,148,127,117,156,83,110,144,123,123,155,73,40,26,24,42,65,42,38,27,26,31,67,34,22,18,26,39,67,37,37,28,20,42,79,42,31,20,28,46,66,37,18,38,36,42,79,45,15,35,39,39,68,33,208,203,157,169,316,199,207,203,151,167,306,212,239,206,180,173,344,207,211,198,156,175,312,224,251,211,171,176,330,232,234,225,185,207,325,227,242,247,212,238,295,180,130,175,160,144,212,128,144,178,161,136,203,133,144,174,164,146,212,116,118,149,157,148,212,116,135,172,176,151,217,151,156,202,174,165,229,134,135,202,186,179,225,103,90,128,131,121,174,86,71,108,125,119,176,98,100,108,116,117,186,81,94,124,139,129,199,90,112,113,117,127,187,108,108,106,119,110,176,134,128,147,147,119,147,77,69,184,184,170,167,100,68,152,178,166,214,94,100,162,150,162,200,99,85,179,180,187,222,102,115,187,179,176,213,123,113,160,162,145,192,105,110,141,147,139,169,77,36,141,125,122,147,54,42,141,128,110,150,63,37,126,127,115,149,57,37,130,117,123,158,57,54,155,148,125,155,79,69,137,118,107,148,65,43,120,171,124,136,60
201808,458,동일로183길,46754,24709,22045,1657,10581,9715,8694,9166,6940,7695,7058,7846,7599,10971,5585,6726,6691,6601,6686,6895,6744,6410,10,5,9,17,49,17,9,12,9,16,30,12,14,12,14,16,32,12,20,10,10,21,40,13,10,10,12,17,52,23,26,16,20,15,36,16,21,19,28,31,36,10,152,125,132,120,175,103,166,116,110,113,191,110,162,107,114,110,162,98,151,118,117,109,185,104,160,108,118,121,173,112,196,99,109,108,168,101,180,108,110,124,174,88,123,116,125,104,151,86,123,116,109,100,163,102,149,117,113,106,150,94,128,101,110,102,162,100,117,103,107,99,165,106,140,132,135,113,173,95,157,116,123,126,187,88,99,111,119,106,158,84,112,102,112,97,155,86,109,110,112,100,151,77,94,108,114,104,151,77,93,102,117,112,171,104,105,101,127,111,176,92,119,100,106,113,144,73,100,101,104,98,164,93,88,101,113,112,158,99,116,103,117,97,161,92,108,105,109,105,167,91,97,103,120,103,181,95,99,109,112,118,189,96,102,87,99,98,158,73,95,106,105,101,124,56,83,98,107,105,130,53,86,98,96,96,106,52,86,101,106,106,104,53,84,100,115,101,122,52,94,95,89,77,107,53,89,84,65,67,105,49,14,4,13,19,44,16,10,4,10,17,42,14,19,2,13,22,46,15,13,6,5,31,51,13,12,4,15,22,49,21,26,12,31,34,29,15,15,13,19,30,49,13,143,96,102,113,183,97,140,98,98,106,178,92,145,95,104,108,181,90,141,95,96,107,184,96,128,94,103,113,185,95,139,99,95,107,178,95,144,106,111,124,182,85,104,95,105,104,127,67,105,101,118,99,157,80,109,104,117,99,137,67,102,97,119,105,143,77,108,105,124,109,152,87,125,114,120,110,157,83,115,94,115,120,147,60,73,92,115,95,139,69,73,92,105,95,134,75,84,79,107,99,131,67,71,85,125,99,138,60,79,80,111,102,135,83,80,75,109,102,130,67,99,66,88,87,128,54,73,97,135,131,163,68,79,101,132,130,158,61,83,98,120,123,155,64,76,105,136,137,163,71,79,110,151,126,154,80,73,81,105,108,135,63,74,64,84,89,136,55,67,100,97,82,98,43,65,85,80,94,99,44,71,86,81,86,94,37,65,84,86,87,88,39,72,102,103,88,87,40,61,77,81,60,85,37,65,65,68,66,81,41
201808,457,동일로178길,211247,101502,109745,8620,59478,39076,30329,36349,37395,52018,42293,26312,26685,37404,26536,30505,30405,30737,30311,30177,29888,29224,134,79,52,73,91,65,150,78,46,61,96,66,140,84,56,64,93,67,143,87,43,61,88,71,153,93,51,67,100,80,163,111,64,81,112,70,138,95,76,94,124,70,1003,757,440,451,650,454,993,750,453,447,602,476,1005,779,466,440,627,503,984,759,449,440,632,477,1027,758,449,443,635,485,1002,753,449,467,608,459,1003,786,462,474,684,479,720,572,354,377,563,422,760,553,362,373,509,408,809,617,394,373,530,398,746,562,348,359,498,391,758,521,325,342,525,404,759,609,379,373,524,391,722,573,377,384,534,369,433,451,304,278,403,272,456,445,296,266,393,273,475,464,314,278,396,250,474,464,320,290,418,262,480,442,290,270,393,266,460,446,303,285,386,252,434,399,258,255,334,219,549,503,322,318,447,327,554,466,321,328,457,322,571,479,322,323,467,307,543,478,332,338,483,325,546,481,320,334,482,336,556,487,309,296,448,320,574,481,284,279,438,275,635,556,368,406,504,315,624,545,356,366,474,326,626,533,354,357,475,287,603,544,366,386,494,308,620,520,334,353,502,319,603,489,302,321,477,311,623,519,307,308,455,301,211,148,64,62,127,94,210,149,67,79,117,94,203,135,69,67,114,91,187,141,68,80,135,94,194,138,58,66,105,90,191,168,73,78,99,89,203,147,89,86,123,85,1326,945,480,498,792,652,1459,1009,479,451,772,654,1415,1003,499,491,800,665,1373,1004,445,462,781,660,1379,980,472,474,723,595,1246,969,545,550,745,560,1197,919,547,564,814,626,640,480,324,314,483,345,624,488,298,298,442,338,643,516,339,326,494,346,628,479,314,303,461,342,644,468,328,312,460,346,669,536,355,343,497,337,617,532,345,354,468,329,494,449,321,331,410,277,516,445,320,318,402,269,514,427,312,308,391,259,478,458,319,302,399,265,499,438,310,312,407,287,503,439,308,299,382,269,493,407,272,284,356,232,605,551,384,413,538,341,630,560,387,403,520,350,637,562,388,382,513,345,605,548,378,394,545,335,622,545,382,393,545,346,582,544,344,339,478,327,584,504,283,308,470,306,583,561,386,426,505,295,619,568,380,437,488,310,624,559,393,414,465,304,613,580,382,406,480,302,596,561,372,418,496,313,606,551,342,336,454,307,602,511,316,331,454,282
201808,456,동일로173가길,203770,100543,103226,11222,44105,40513,35821,38642,33467,51553,38487,25637,24488,37026,26578,28578,28790,29063,29061,28716,29826,29734,197,120,66,86,168,99,205,138,70,79,152,103,229,139,75,83,148,100,222,133,70,94,158,102,188,131,81,86,159,114,214,164,105,106,140,96,213,184,112,117,140,90,712,536,390,360,544,384,705,516,362,337,536,408,706,509,378,346,518,380,709,517,337,317,536,396,670,519,369,357,526,380,778,565,392,349,494,357,721,551,372,390,541,377,754,521,359,314,475,389,770,520,335,307,492,398,796,518,360,329,485,407,773,512,341,302,507,404,730,535,355,306,504,410,777,595,421,370,554,397,799,611,417,416,617,391,686,486,343,321,478,338,666,492,347,303,481,350,711,508,325,291,476,375,698,494,335,307,484,355,625,474,342,323,506,370,673,534,396,366,520,355,679,519,347,360,484,341,613,471,314,283,491,334,583,437,312,316,478,348,652,459,340,296,490,339,624,463,314,300,488,324,575,464,351,308,525,358,629,499,340,342,544,366,650,479,314,322,510,334,648,470,321,308,469,308,629,438,313,326,491,320,656,459,296,297,461,321,653,463,324,331,450,316,607,450,327,310,460,316,671,479,299,302,448,300,628,487,292,298,457,308,211,108,69,90,168,108,215,116,57,85,168,118,228,119,78,82,173,112,234,131,71,110,168,109,202,132,90,112,178,118,230,169,120,126,151,105,225,168,106,112,168,107,972,665,356,333,558,468,984,681,359,334,592,472,990,665,360,343,595,467,1004,651,353,339,582,480,908,649,355,348,574,426,931,732,410,375,588,429,888,725,467,446,632,474,703,513,350,324,469,366,725,549,377,339,534,376,729,546,362,340,504,373,731,537,358,325,498,370,694,557,359,318,511,364,712,594,388,359,523,351,691,547,393,392,537,349,564,447,331,292,434,304,576,441,303,295,456,342,624,459,320,289,439,313,592,457,337,298,431,299,560,444,315,298,431,333,590,469,354,326,440,314,603,462,308,311,453,304,718,563,395,384,536,365,722,552,404,362,518,378,735,576,378,380,541,378,716,582,416,397,548,382,688,604,418,393,518,376,720,564,378,364,503,357,711,540,360,358,534,351,539,457,305,286,392,280,535,459,308,299,397,296,568,468,290,291,422,272,554,478,327,315,432,299,542,497,328,296,388,281,536,446,300,289,380,264,529,413,267,274,372,288
201807,465,동일로196길,38199,17784,20415,4245,7503,6910,7467,7227,4846,3795,5939,7083,7606,9549,4228,5509,5435,5256,5131,5448,6292,5127,34,117,76,70,54,29,34,117,75,80,50,27,22,155,128,133,45,16,26,139,99,57,39,19,25,150,101,67,37,23,27,36,36,38,59,33,37,40,38,36,48,26,86,96,107,118,161,84,82,99,99,113,158,84,79,84,92,113,129,70,81,88,92,100,126,68,76,86,102,117,132,69,82,89,84,98,138,81,78,71,73,76,113,68,63,66,65,66,109,55,57,69,64,70,95,51,55,56,60,66,86,46,58,57,65,67,88,52,55,65,58,61,108,61,65,75,97,109,164,81,67,78,90,94,131,58,52,54,65,65,103,52,54,55,60,61,93,48,43,48,57,60,101,52,55,51,51,60,103,48,56,57,58,64,102,57,46,71,118,142,208,86,45,68,108,122,138,57,32,71,74,70,95,40,26,75,78,73,90,42,21,68,68,69,86,41,19,67,66,64,93,38,29,77,80,74,91,42,39,67,83,95,134,57,40,64,87,88,89,37,46,66,63,66,64,31,49,74,61,61,74,32,42,67,59,57,60,31,34,66,52,60,64,26,38,65,54,64,72,29,39,65,71,66,76,40,49,62,66,59,59,27,20,55,43,51,50,30,23,57,44,47,53,28,17,66,54,66,55,23,20,67,56,47,48,24,17,65,47,53,47,18,21,27,42,48,75,31,23,36,48,37,47,21,65,67,76,87,149,76,66,77,82,88,133,69,57,76,76,76,121,58,61,69,72,84,120,53,64,63,67,86,130,65,63,74,90,98,148,80,65,61,85,91,118,57,51,72,101,104,137,49,46,69,104,111,138,51,51,67,101,113,143,53,54,65,95,103,138,53,51,69,102,102,151,64,47,71,138,165,211,66,49,62,96,115,128,51,48,69,130,133,177,65,48,67,121,118,167,67,48,59,110,122,167,57,51,64,115,125,166,64,56,67,121,122,187,76,53,69,153,191,240,97,48,64,131,136,144,59,42,78,130,162,191,68,43,77,118,159,187,69,26,86,131,139,173,70,34,67,123,139,187,66,40,78,125,137,197,69,53,80,129,161,220,84,51,78,104,126,135,59,23,55,85,86,88,34,29,61,81,92,92,27,21,53,76,74,77,27,20,61,80,84,87,29,32,61,90,90,97,35,33,54,65,82,98,42,25,65,66,64,68,30
201807,464,동일로195길,109196,56705,52492,8861,22009,21543,19936,19723,17125,20050,18458,16046,16836,23912,13895,15457,15561,15313,15029,15879,16571,15386,156,94,82,101,172,94,172,83,78,109,171,97,157,64,72,102,184,89,141,68,85,110,181,89,149,72,93,148,185,102,154,124,109,150,182,92,170,134,129,151,153,88,422,248,206,232,370,281,390,263,203,231,367,282,408,263,200,232,383,266,420,264,193,210,370,291,429,276,206,221,347,271,437,279,232,276,392,259,432,290,227,273,383,267,320,252,185,180,318,234,331,242,174,194,311,246,309,251,175,183,285,219,288,242,173,187,315,227,334,256,191,186,338,264,362,282,257,255,395,276,381,281,233,246,388,233,259,229,185,176,298,181,240,213,174,174,297,186,221,197,173,177,297,185,247,223,167,176,305,187,263,227,190,179,312,199,275,274,241,246,381,219,285,261,228,223,346,168,232,238,180,170,274,161,194,228,197,184,267,161,198,238,188,187,290,168,219,225,168,170,260,150,205,230,192,166,298,187,251,268,218,195,317,183,251,257,195,193,263,147,229,283,258,262,261,120,228,306,260,245,255,127,217,280,241,221,256,123,195,286,223,229,242,129,212,297,234,246,285,142,230,290,226,211,237,133,227,231,182,194,239,132,112,51,40,92,150,78,96,61,48,98,170,77,93,50,52,93,159,54,80,59,42,100,156,78,84,49,66,98,164,61,106,95,77,98,144,73,105,94,78,81,106,57,283,218,164,180,298,201,284,224,161,167,308,213,268,241,161,172,312,214,279,217,166,156,300,192,277,237,171,179,305,213,287,242,189,190,284,203,302,235,202,200,258,165,273,266,217,239,311,156,264,245,222,240,327,172,273,263,236,236,343,177,261,254,203,212,339,175,288,274,232,248,342,201,310,274,228,253,356,188,322,239,202,221,300,161,218,233,250,251,339,178,244,256,291,242,341,183,225,221,239,256,341,173,197,221,261,254,335,179,225,206,237,228,354,220,267,227,249,244,339,187,260,219,219,225,268,151,217,261,261,293,366,170,215,274,264,295,358,181,192,283,293,291,380,178,199,246,262,270,363,165,198,300,281,267,367,172,236,274,239,247,342,182,257,246,235,231,268,143,128,213,245,238,228,97,147,227,234,232,236,84,147,223,228,213,236,98,126,236,238,220,234,100,133,224,250,263,239,98,191,194,159,172,212,103,138,171,134,145,168,95
201807,463,동일로193길,72773,37178,35595,5242,15034,14751,13599,13470,10678,13638,10731,10155,11220,17223,9806,10279,10051,10101,9847,10613,11702,10180,83,45,41,52,93,43,82,38,41,52,91,48,82,31,38,50,105,45,79,36,40,49,96,43,82,52,55,80,89,62,79,63,57,92,105,53,79,65,66,93,90,43,294,156,138,162,287,219,260,154,127,152,277,217,275,171,137,167,305,207,287,168,128,139,265,213,293,178,149,161,270,209,297,177,170,195,271,189,297,189,151,192,278,196,224,156,112,124,243,175,240,141,114,123,228,186,216,153,115,114,216,170,205,143,111,121,238,168,244,150,118,117,270,196,250,168,178,207,316,194,254,165,161,167,262,156,169,137,119,119,225,120,160,128,115,123,198,117,149,114,112,119,206,130,157,129,102,119,212,129,171,132,130,126,221,130,163,156,177,220,319,164,177,165,151,178,240,111,173,149,126,115,206,113,146,123,119,108,181,105,155,142,115,112,199,108,157,131,106,113,195,116,164,137,113,117,204,132,163,153,137,140,216,128,163,146,111,128,170,99,141,147,143,144,162,75,150,165,153,136,158,73,152,147,136,131,172,76,149,153,135,121,164,88,151,160,133,135,183,84,144,148,131,124,162,77,136,140,106,108,146,80,81,18,28,51,100,49,82,52,25,50,114,46,82,31,19,51,113,48,79,43,12,52,87,52,82,36,41,50,116,58,79,66,54,63,109,54,78,65,51,54,69,45,187,126,102,125,224,137,190,125,97,105,206,133,174,146,95,106,192,135,175,132,109,109,200,128,178,140,108,121,208,141,178,152,131,156,234,151,197,146,139,150,172,105,180,147,138,151,209,109,173,138,146,157,230,115,181,150,152,169,244,119,162,133,139,152,236,119,188,143,149,152,241,147,188,157,187,239,324,153,225,153,149,173,216,105,130,124,172,180,270,136,156,144,167,162,246,127,151,132,146,169,250,126,118,116,162,156,247,131,135,106,159,156,284,168,157,131,191,238,314,159,162,133,147,177,214,109,176,164,176,208,299,136,180,158,161,201,263,122,176,165,176,176,276,134,170,156,165,181,275,116,166,163,170,188,290,125,156,157,170,204,297,143,170,135,141,152,195,103,99,116,133,137,165,67,118,125,137,138,168,64,134,127,119,122,163,80,104,123,126,122,176,79,103,124,150,152,188,89,130,119,108,128,156,85,116,114,91,90,107,70
201807,462,동일로192길,123071,63140,59930,8454,48254,19441,16131,16581,14209,29643,19078,15083,14352,25843,19072,18187,18480,14579,14567,18769,19108,19380,159,86,88,82,122,82,155,67,71,77,122,86,128,53,53,64,122,81,136,59,59,78,115,87,154,73,76,83,133,121,170,75,58,76,125,88,156,101,76,83,127,88,1142,651,392,363,729,713,1110,647,381,387,754,690,782,429,292,288,608,569,803,443,275,273,631,549,1080,638,402,383,763,813,1205,644,409,430,784,722,1218,688,427,475,801,660,423,234,166,153,319,289,450,244,168,155,357,303,343,191,142,114,271,243,338,188,138,111,280,247,448,228,170,156,327,323,477,270,197,201,370,311,481,299,209,211,347,237,249,152,139,106,267,188,256,148,138,118,257,200,201,116,114,103,237,169,218,123,102,80,248,169,243,161,139,111,266,233,262,154,140,143,287,202,288,207,181,169,270,145,191,143,133,113,243,149,214,133,134,114,237,158,166,119,120,107,205,123,157,119,115,110,219,137,199,145,132,116,242,166,231,181,150,140,252,142,235,193,156,139,222,108,262,181,134,125,197,120,250,166,132,101,206,127,193,142,122,102,189,105,206,129,105,111,185,96,252,158,119,123,221,129,237,151,123,122,247,138,244,261,244,167,219,121,144,67,61,79,158,97,157,101,68,85,154,102,116,46,53,75,126,80,118,63,55,76,132,87,168,115,92,96,153,106,135,99,84,94,140,98,160,110,89,94,143,84,874,525,322,344,663,580,888,554,346,336,697,602,585,343,255,246,555,443,591,345,248,263,566,442,877,544,322,338,672,600,921,556,402,379,653,553,880,552,387,396,655,508,325,172,144,135,241,191,329,177,156,118,249,179,242,144,134,125,239,148,234,123,129,105,224,157,324,176,156,128,263,237,349,191,153,166,281,193,302,199,190,160,275,150,199,180,212,195,275,143,236,196,226,182,280,156,171,172,208,185,254,131,153,160,204,184,250,152,203,194,222,186,301,186,232,171,176,178,315,190,252,208,179,182,241,113,286,238,227,254,327,178,284,246,234,228,333,180,212,182,197,198,280,138,220,192,187,197,295,153,299,233,220,217,370,193,282,241,201,186,318,187,277,246,216,193,283,150,237,198,159,154,205,118,240,198,177,149,209,118,168,173,161,111,174,101,153,162,134,116,166,90,221,209,163,142,200,119,250,198,162,128,210,124,237,292,253,187,196,89
201807,461,동일로191길,73439,38678,34761,4893,18629,14521,12234,12531,10631,13987,11695,10224,10342,16633,10557,10375,10337,10495,10386,10815,10842,10188,83,53,43,51,89,49,74,36,40,54,92,52,73,33,34,48,91,48,73,36,36,56,90,47,80,51,49,71,92,67,71,52,46,64,90,50,73,65,58,74,82,45,324,208,165,181,327,268,301,194,156,181,320,266,326,215,162,182,341,256,333,218,154,166,332,272,343,223,174,176,317,291,361,213,194,216,319,247,345,218,172,213,323,227,227,179,125,125,245,183,246,162,129,127,246,204,237,180,130,129,241,191,226,166,124,124,264,191,249,177,130,128,270,222,259,191,172,177,280,198,262,182,167,167,258,158,146,138,118,104,206,127,147,135,117,115,195,124,155,130,115,110,204,135,155,131,105,101,207,145,157,139,124,109,216,144,156,150,129,148,248,150,170,159,136,129,202,93,151,142,117,105,209,126,151,126,111,104,192,120,147,141,111,106,200,114,149,129,104,103,192,122,153,129,112,103,208,148,167,151,112,110,198,133,154,146,109,112,174,99,146,147,143,149,168,79,149,157,150,129,164,83,150,150,136,126,187,89,153,155,142,129,176,92,150,157,123,132,184,92,138,152,124,108,163,84,138,162,133,118,153,80,62,19,30,53,92,48,64,42,25,53,101,50,70,26,26,49,102,50,69,43,25,45,87,54,76,43,45,51,95,59,54,59,52,55,85,49,63,60,51,47,62,40,234,164,131,153,287,196,231,166,129,143,285,209,232,182,135,147,275,194,236,171,136,139,284,196,237,173,136,153,272,207,243,187,160,171,277,194,239,171,161,178,242,153,176,148,129,131,185,107,166,141,136,125,193,114,177,152,146,137,219,118,163,139,131,125,223,125,177,149,133,125,205,142,179,155,146,161,230,128,208,163,151,141,182,93,116,140,152,143,205,112,145,149,157,135,195,115,131,146,150,146,206,122,117,138,160,129,199,125,123,129,148,130,223,146,138,127,142,143,216,127,147,128,123,130,169,89,169,173,158,169,234,118,173,173,162,165,219,117,166,171,160,157,226,114,166,176,161,155,232,111,168,176,161,159,224,112,157,150,137,135,205,121,156,144,138,122,161,89,109,133,127,117,142,67,120,131,127,117,147,68,118,141,128,116,156,83,121,142,122,111,155,77,112,144,143,124,149,79,126,119,100,96,127,68,104,134,125,101,107,58
201807,460,동일로186길,92984,46634,46350,5427,33927,15576,12792,13582,11680,21394,16831,11955,11580,18332,12893,13991,14138,10686,10861,14247,14558,14504,66,41,41,39,59,37,83,46,29,40,56,43,45,32,24,30,49,37,78,30,26,34,47,36,72,45,34,40,64,55,76,47,35,33,59,42,64,47,33,40,61,45,789,539,301,282,466,432,753,533,285,286,471,390,476,337,195,195,335,282,500,354,206,192,367,289,751,530,296,282,461,445,809,558,328,321,491,388,752,553,330,349,533,414,288,201,147,138,233,179,303,216,148,140,259,194,215,170,120,116,200,158,211,165,115,111,203,160,302,212,150,146,249,207,319,239,183,193,296,209,312,258,186,178,255,164,206,163,129,111,211,145,200,162,127,109,198,145,148,112,109,99,164,116,164,131,102,91,172,123,191,169,129,111,201,165,184,160,124,121,222,151,221,182,142,141,202,120,175,160,121,109,194,128,172,142,114,112,192,130,138,128,95,97,167,106,146,132,97,94,162,103,170,152,113,107,191,138,191,167,123,118,201,125,185,174,119,123,181,104,207,185,130,124,177,102,200,173,128,116,176,111,153,140,111,108,157,89,164,145,108,111,160,88,203,173,121,111,183,114,198,170,117,116,197,112,188,193,158,130,181,107,129,49,47,68,137,75,123,73,49,68,128,85,111,43,15,66,98,59,111,37,23,53,104,65,148,95,51,56,126,88,133,99,61,69,98,62,124,125,74,84,114,62,677,459,243,250,452,380,695,475,252,241,476,398,444,278,181,179,348,261,445,285,165,170,358,284,660,458,239,246,456,402,690,486,307,295,471,361,641,496,318,319,476,363,235,192,142,134,203,145,253,192,144,125,212,138,188,151,126,118,190,106,181,149,130,109,191,122,265,189,137,127,217,160,249,196,156,151,214,137,227,193,163,148,207,117,167,164,161,143,200,116,189,171,166,133,194,118,143,156,142,127,178,96,140,153,145,124,170,109,180,176,157,137,200,130,185,164,139,133,209,131,200,158,127,128,170,93,211,207,183,191,231,134,206,217,199,183,244,138,162,170,164,161,201,107,169,192,160,166,209,113,225,212,199,193,269,146,218,214,167,159,223,138,203,187,157,151,196,115,145,162,125,126,163,93,192,163,128,128,164,99,113,128,117,102,134,71,77,126,105,101,138,61,134,168,142,124,153,101,166,159,130,111,159,98,174,195,190,142,149,89
201807,459,동일로184길,74699,37657,37042,4127,21719,14333,11870,12471,10178,12620,13144,11146,10976,16697,10115,10433,10544,10501,10639,10919,11091,10572,38,31,24,29,62,36,47,35,24,35,58,40,31,36,26,31,55,36,54,32,26,37,54,34,47,40,25,36,54,38,30,40,35,33,63,32,32,39,34,40,59,37,338,291,200,208,323,247,317,277,187,199,316,231,325,276,173,186,309,228,336,282,189,185,330,231,354,284,185,186,308,269,394,325,232,235,334,236,329,283,209,232,350,230,168,173,140,132,227,134,168,179,146,136,230,154,183,183,147,146,240,172,172,178,134,134,244,171,186,182,144,147,240,186,198,203,194,192,281,174,201,199,182,186,248,129,132,145,128,114,205,127,128,157,132,119,192,118,124,134,132,114,193,125,141,141,121,109,186,130,125,153,128,115,196,147,119,148,130,132,237,139,144,155,139,134,186,98,124,144,118,110,198,126,130,137,105,112,200,119,123,131,99,108,201,122,132,136,102,96,184,109,126,132,116,112,194,142,143,150,111,111,211,139,128,154,117,127,186,96,130,161,143,144,171,78,125,161,141,130,179,90,130,150,131,131,176,88,138,161,135,132,188,91,134,158,131,122,178,92,124,167,128,116,165,89,123,150,129,119,165,80,62,27,38,56,110,51,52,33,33,53,106,65,77,37,16,59,104,55,78,29,25,50,105,58,90,58,37,40,101,67,71,65,55,52,71,35,56,87,64,63,75,38,301,244,164,182,337,228,306,244,160,178,343,239,307,220,164,181,335,223,313,222,154,162,348,246,310,230,163,183,337,261,314,279,209,229,374,237,304,273,224,252,364,217,131,169,161,143,211,106,142,161,162,144,218,110,158,175,162,148,229,116,151,176,168,140,244,126,152,167,149,142,230,129,148,174,178,167,209,109,154,186,174,164,198,87,103,152,154,132,180,99,121,152,163,134,180,100,120,159,152,130,201,105,119,159,165,128,185,115,124,160,153,140,209,122,125,135,141,131,199,114,131,121,124,127,161,78,127,178,177,181,206,100,128,180,197,186,217,111,129,180,188,186,224,110,139,204,194,191,222,110,135,193,203,188,223,121,148,163,148,146,185,111,123,144,133,135,160,86,54,138,126,118,128,59,95,134,122,119,138,66,70,135,133,120,140,65,61,142,126,119,152,58,68,147,151,123,126,72,79,107,108,97,128,58,72,115,155,111,110,60
201807,458,동일로183길,57204,29585,27619,2421,13141,11400,10765,10854,8622,9967,8648,9459,9143,13212,6774,8273,8344,8130,7959,8404,8381,7713,23,12,11,29,58,35,40,14,17,19,51,19,24,11,15,32,48,23,36,12,10,21,49,19,24,14,16,21,52,32,44,14,35,31,52,34,51,24,33,37,47,18,213,154,147,140,206,129,196,145,146,136,211,118,193,143,149,138,204,120,184,138,136,126,196,123,220,149,133,136,194,125,231,146,137,146,189,113,232,138,119,131,197,111,145,134,130,116,172,94,143,127,133,118,183,118,146,115,140,123,186,121,140,120,130,116,188,104,143,133,122,113,202,139,167,149,152,144,212,125,194,118,130,131,198,92,131,136,152,117,188,100,145,131,138,114,184,92,132,142,142,113,183,93,114,122,139,121,165,95,121,138,132,121,208,125,150,120,149,135,211,118,156,122,137,129,159,82,92,109,132,118,198,110,116,110,129,126,200,108,115,107,119,102,195,95,107,103,115,103,179,94,115,100,115,115,209,105,97,115,127,145,217,107,112,98,105,117,177,82,124,135,139,132,158,64,122,119,122,122,150,69,125,108,119,128,149,69,117,129,137,133,165,68,119,116,125,121,146,68,121,124,116,100,146,82,126,94,83,87,150,74,36,5,13,29,58,19,31,4,16,30,60,21,33,2,6,26,60,22,33,2,11,32,58,27,39,7,16,35,59,27,36,31,40,28,40,16,42,33,36,35,45,15,193,131,119,132,226,120,196,138,126,144,241,131,177,127,117,136,236,120,175,112,123,123,223,123,192,117,121,142,218,133,200,148,130,141,218,113,205,147,143,143,203,101,125,136,148,136,177,82,128,138,151,137,183,80,130,138,139,126,172,71,126,140,154,131,176,78,127,130,144,131,186,91,126,108,139,128,168,86,136,112,122,131,170,63,101,112,140,118,153,80,123,104,139,125,162,90,104,119,150,126,191,90,90,103,136,118,164,89,125,122,144,120,174,91,114,102,132,130,172,77,126,85,105,110,142,66,113,122,147,155,190,88,124,125,151,155,190,98,104,123,141,152,190,87,115,132,161,145,186,91,120,144,174,148,193,102,129,109,134,136,170,88,126,92,105,122,163,75,66,114,131,110,114,51,87,97,111,110,123,43,53,94,116,111,128,50,85,92,107,95,112,38,74,108,123,105,107,49,84,83,103,85,95,43,77,77,82,69,83,38
201807,457,동일로178길,122773,62677,60096,4806,34899,21838,18471,22565,20194,21315,21612,18414,19091,26613,15727,19657,19532,14281,13355,19826,18993,17130,38,32,46,77,92,44,37,34,46,98,112,35,17,12,32,63,62,33,20,15,17,56,59,24,52,34,62,80,81,48,80,73,67,88,91,43,71,40,64,69,107,46,546,439,349,393,553,390,558,432,336,355,542,369,349,318,261,277,386,290,371,308,262,264,368,252,532,396,334,355,528,407,633,440,311,341,535,388,606,428,265,349,501,342,338,330,272,260,389,252,352,305,269,284,428,255,227,220,205,186,322,199,200,227,185,188,297,185,352,315,272,276,424,306,415,332,259,240,376,249,365,276,230,257,395,227,273,333,271,231,368,227,277,314,272,247,359,219,144,195,200,184,308,197,128,201,169,177,268,151,251,317,255,246,353,215,275,255,260,233,307,187,290,237,191,217,297,159,302,332,270,277,381,233,271,307,279,266,388,200,159,192,196,204,320,192,166,198,198,195,310,201,330,320,258,262,432,276,303,302,228,230,364,225,274,244,205,222,351,177,261,348,287,350,372,171,267,332,294,298,307,154,177,237,228,209,275,110,156,218,189,180,235,99,257,358,288,317,389,174,248,280,243,259,339,153,235,276,212,220,310,168,68,94,54,64,99,45,55,86,61,52,114,55,28,47,52,51,69,30,29,42,43,45,47,21,40,97,71,67,89,44,67,89,48,39,82,44,72,65,54,52,79,53,693,533,358,363,611,448,697,534,320,363,617,466,369,332,255,262,463,306,365,312,212,245,410,274,616,535,360,350,523,365,646,556,371,393,584,414,603,514,331,371,514,385,276,277,269,235,330,193,266,274,237,235,343,182,185,198,209,197,272,153,174,177,171,185,237,138,243,246,250,227,356,223,296,284,261,232,322,187,268,249,198,188,295,163,116,188,230,208,294,163,167,228,229,218,294,157,57,140,195,202,270,131,87,150,200,180,214,120,194,245,252,244,327,200,230,262,214,194,279,151,166,172,147,170,226,102,259,311,299,316,393,196,247,330,328,325,399,192,166,254,251,264,329,148,135,241,254,270,321,148,253,339,326,315,459,256,275,320,258,266,393,224,245,288,213,240,328,153,229,299,257,320,308,133,226,284,275,322,308,148,161,208,219,258,259,102,157,207,202,250,246,110,224,298,271,314,305,153,240,254,233,214,274,143,220,250,239,206,254,132
201807,456,동일로173가길,122432,64002,58430,6502,27183,24094,21900,23016,19737,21644,21054,18531,18380,27074,15748,18889,18944,15755,15205,15965,19269,18405,97,65,50,81,144,77,105,69,56,74,129,62,62,37,40,75,114,49,75,42,34,66,110,44,67,46,50,70,115,69,87,82,89,102,132,80,120,83,77,106,127,60,460,346,302,293,449,310,417,329,282,298,457,300,372,285,260,264,427,279,367,281,242,245,401,278,412,291,248,255,392,279,456,379,305,317,429,287,510,367,261,301,460,290,370,338,264,255,395,264,368,310,266,248,397,289,299,253,241,217,356,250,276,245,218,204,364,226,314,265,218,210,389,275,361,378,325,318,483,315,453,354,292,293,435,258,306,323,295,243,394,234,319,323,279,244,387,232,243,258,245,203,339,196,221,238,233,212,313,191,225,256,235,205,358,219,291,346,307,291,445,255,336,330,278,265,365,199,269,306,261,248,403,239,281,299,255,247,406,242,223,231,213,198,357,190,226,224,201,195,328,184,229,217,200,202,369,218,250,323,264,282,429,260,296,286,210,238,369,200,292,332,293,303,356,179,320,331,280,273,341,183,254,242,231,247,296,135,229,262,244,232,305,134,236,255,231,235,290,138,260,348,270,250,344,200,297,305,212,219,343,188,99,56,55,73,137,64,88,70,57,76,152,65,68,30,35,60,133,51,66,35,31,57,115,60,78,47,46,71,124,63,74,103,91,72,101,58,111,95,73,72,110,62,413,304,235,262,452,279,420,321,241,268,466,291,305,268,215,242,420,245,313,236,210,217,402,243,334,239,210,244,383,249,354,363,275,298,441,285,435,357,294,304,417,249,303,311,282,263,353,209,308,319,284,255,376,202,244,257,241,223,322,155,226,246,248,222,321,155,244,253,237,223,320,187,264,325,283,276,376,225,346,314,267,260,342,181,234,281,269,246,342,203,267,284,276,255,341,199,183,216,252,220,330,177,168,203,239,197,291,167,200,217,241,203,311,186,231,292,266,254,348,198,283,241,222,217,302,171,311,341,294,308,410,224,315,345,308,313,409,233,233,267,256,269,345,174,236,280,276,261,329,166,246,294,291,255,340,193,272,339,272,275,377,234,314,289,239,258,354,204,213,296,266,253,278,137,245,274,247,243,291,143,156,208,212,210,240,113,185,207,194,187,226,100,169,227,224,206,216,111,207,284,216,200,258,145,233,244,208,184,231,137
